--
-- PostgreSQL database dump
--

\restrict ckRkssxMY2ROUCe8HDvSJdmwdo9TJcp84Th13O7dazcR2oVjrcuwCD7NLEb0J3K

-- Dumped from database version 15.17
-- Dumped by pg_dump version 15.17

SET statement_timeout = 0;
SET lock_timeout = 0;
SET idle_in_transaction_session_timeout = 0;
SET client_encoding = 'UTF8';
SET standard_conforming_strings = on;
SELECT pg_catalog.set_config('search_path', '', false);
SET check_function_bodies = false;
SET xmloption = content;
SET client_min_messages = warning;
SET row_security = off;

SET default_tablespace = '';

SET default_table_access_method = heap;

--
-- Name: almacen_ajusteinventario; Type: TABLE; Schema: public; Owner: postgres
--

CREATE TABLE public.almacen_ajusteinventario (
    id bigint NOT NULL,
    numero character varying(20) NOT NULL,
    tipo character varying(20) NOT NULL,
    cantidad numeric(18,4) NOT NULL,
    motivo text NOT NULL,
    estado character varying(15) NOT NULL,
    producto_id bigint NOT NULL
);


ALTER TABLE public.almacen_ajusteinventario OWNER TO postgres;

--
-- Name: almacen_ajusteinventario_id_seq; Type: SEQUENCE; Schema: public; Owner: postgres
--

ALTER TABLE public.almacen_ajusteinventario ALTER COLUMN id ADD GENERATED BY DEFAULT AS IDENTITY (
    SEQUENCE NAME public.almacen_ajusteinventario_id_seq
    START WITH 1
    INCREMENT BY 1
    NO MINVALUE
    NO MAXVALUE
    CACHE 1
);


--
-- Name: almacen_cambioproducto; Type: TABLE; Schema: public; Owner: postgres
--

CREATE TABLE public.almacen_cambioproducto (
    id bigint NOT NULL,
    campo character varying(100) NOT NULL,
    valor_anterior text NOT NULL,
    valor_nuevo text NOT NULL,
    estado character varying(10) NOT NULL,
    fecha_propuesta timestamp with time zone NOT NULL,
    motivo_rechazo text NOT NULL,
    aprobado_por_id integer,
    producto_id bigint NOT NULL,
    propuesto_por_id integer NOT NULL
);


ALTER TABLE public.almacen_cambioproducto OWNER TO postgres;

--
-- Name: almacen_cambioproducto_id_seq; Type: SEQUENCE; Schema: public; Owner: postgres
--

ALTER TABLE public.almacen_cambioproducto ALTER COLUMN id ADD GENERATED BY DEFAULT AS IDENTITY (
    SEQUENCE NAME public.almacen_cambioproducto_id_seq
    START WITH 1
    INCREMENT BY 1
    NO MINVALUE
    NO MAXVALUE
    CACHE 1
);


--
-- Name: almacen_categoria; Type: TABLE; Schema: public; Owner: postgres
--

CREATE TABLE public.almacen_categoria (
    id bigint NOT NULL,
    nombre character varying(100) NOT NULL,
    activo boolean NOT NULL
);


ALTER TABLE public.almacen_categoria OWNER TO postgres;

--
-- Name: almacen_categoria_id_seq; Type: SEQUENCE; Schema: public; Owner: postgres
--

ALTER TABLE public.almacen_categoria ALTER COLUMN id ADD GENERATED BY DEFAULT AS IDENTITY (
    SEQUENCE NAME public.almacen_categoria_id_seq
    START WITH 1
    INCREMENT BY 1
    NO MINVALUE
    NO MAXVALUE
    CACHE 1
);


--
-- Name: almacen_movimientoinventario; Type: TABLE; Schema: public; Owner: postgres
--

CREATE TABLE public.almacen_movimientoinventario (
    id bigint NOT NULL,
    tipo character varying(10) NOT NULL,
    cantidad numeric(18,4) NOT NULL,
    costo_unitario numeric(18,6) NOT NULL,
    referencia character varying(50) NOT NULL,
    fecha timestamp with time zone NOT NULL,
    notas text NOT NULL,
    producto_id bigint NOT NULL
);


ALTER TABLE public.almacen_movimientoinventario OWNER TO postgres;

--
-- Name: almacen_movimientoinventario_id_seq; Type: SEQUENCE; Schema: public; Owner: postgres
--

ALTER TABLE public.almacen_movimientoinventario ALTER COLUMN id ADD GENERATED BY DEFAULT AS IDENTITY (
    SEQUENCE NAME public.almacen_movimientoinventario_id_seq
    START WITH 1
    INCREMENT BY 1
    NO MINVALUE
    NO MAXVALUE
    CACHE 1
);


--
-- Name: almacen_producto; Type: TABLE; Schema: public; Owner: postgres
--

CREATE TABLE public.almacen_producto (
    id bigint NOT NULL,
    codigo character varying(20) NOT NULL,
    nombre character varying(200) NOT NULL,
    stock_actual numeric(18,4) NOT NULL,
    costo_promedio numeric(18,6) NOT NULL,
    es_materia_prima boolean NOT NULL,
    es_producto_terminado boolean NOT NULL,
    activo boolean NOT NULL,
    categoria_id bigint NOT NULL,
    unidad_medida_id bigint NOT NULL,
    peso_unitario_kg numeric(18,6),
    precio_venta numeric(18,2),
    es_materia_prima_base boolean NOT NULL,
    stock_maximo numeric(18,4),
    stock_minimo numeric(18,4)
);


ALTER TABLE public.almacen_producto OWNER TO postgres;

--
-- Name: almacen_producto_id_seq; Type: SEQUENCE; Schema: public; Owner: postgres
--

ALTER TABLE public.almacen_producto ALTER COLUMN id ADD GENERATED BY DEFAULT AS IDENTITY (
    SEQUENCE NAME public.almacen_producto_id_seq
    START WITH 1
    INCREMENT BY 1
    NO MINVALUE
    NO MAXVALUE
    CACHE 1
);


--
-- Name: almacen_unidadmedida; Type: TABLE; Schema: public; Owner: postgres
--

CREATE TABLE public.almacen_unidadmedida (
    id bigint NOT NULL,
    nombre character varying(50) NOT NULL,
    simbolo character varying(10) NOT NULL,
    activo boolean NOT NULL
);


ALTER TABLE public.almacen_unidadmedida OWNER TO postgres;

--
-- Name: almacen_unidadmedida_id_seq; Type: SEQUENCE; Schema: public; Owner: postgres
--

ALTER TABLE public.almacen_unidadmedida ALTER COLUMN id ADD GENERATED BY DEFAULT AS IDENTITY (
    SEQUENCE NAME public.almacen_unidadmedida_id_seq
    START WITH 1
    INCREMENT BY 1
    NO MINVALUE
    NO MAXVALUE
    CACHE 1
);


--
-- Name: auth_group; Type: TABLE; Schema: public; Owner: postgres
--

CREATE TABLE public.auth_group (
    id integer NOT NULL,
    name character varying(150) NOT NULL
);


ALTER TABLE public.auth_group OWNER TO postgres;

--
-- Name: auth_group_id_seq; Type: SEQUENCE; Schema: public; Owner: postgres
--

ALTER TABLE public.auth_group ALTER COLUMN id ADD GENERATED BY DEFAULT AS IDENTITY (
    SEQUENCE NAME public.auth_group_id_seq
    START WITH 1
    INCREMENT BY 1
    NO MINVALUE
    NO MAXVALUE
    CACHE 1
);


--
-- Name: auth_group_permissions; Type: TABLE; Schema: public; Owner: postgres
--

CREATE TABLE public.auth_group_permissions (
    id bigint NOT NULL,
    group_id integer NOT NULL,
    permission_id integer NOT NULL
);


ALTER TABLE public.auth_group_permissions OWNER TO postgres;

--
-- Name: auth_group_permissions_id_seq; Type: SEQUENCE; Schema: public; Owner: postgres
--

ALTER TABLE public.auth_group_permissions ALTER COLUMN id ADD GENERATED BY DEFAULT AS IDENTITY (
    SEQUENCE NAME public.auth_group_permissions_id_seq
    START WITH 1
    INCREMENT BY 1
    NO MINVALUE
    NO MAXVALUE
    CACHE 1
);


--
-- Name: auth_permission; Type: TABLE; Schema: public; Owner: postgres
--

CREATE TABLE public.auth_permission (
    id integer NOT NULL,
    name character varying(255) NOT NULL,
    content_type_id integer NOT NULL,
    codename character varying(100) NOT NULL
);


ALTER TABLE public.auth_permission OWNER TO postgres;

--
-- Name: auth_permission_id_seq; Type: SEQUENCE; Schema: public; Owner: postgres
--

ALTER TABLE public.auth_permission ALTER COLUMN id ADD GENERATED BY DEFAULT AS IDENTITY (
    SEQUENCE NAME public.auth_permission_id_seq
    START WITH 1
    INCREMENT BY 1
    NO MINVALUE
    NO MAXVALUE
    CACHE 1
);


--
-- Name: auth_user; Type: TABLE; Schema: public; Owner: postgres
--

CREATE TABLE public.auth_user (
    id integer NOT NULL,
    password character varying(128) NOT NULL,
    last_login timestamp with time zone,
    is_superuser boolean NOT NULL,
    username character varying(150) NOT NULL,
    first_name character varying(150) NOT NULL,
    last_name character varying(150) NOT NULL,
    email character varying(254) NOT NULL,
    is_staff boolean NOT NULL,
    is_active boolean NOT NULL,
    date_joined timestamp with time zone NOT NULL
);


ALTER TABLE public.auth_user OWNER TO postgres;

--
-- Name: auth_user_groups; Type: TABLE; Schema: public; Owner: postgres
--

CREATE TABLE public.auth_user_groups (
    id bigint NOT NULL,
    user_id integer NOT NULL,
    group_id integer NOT NULL
);


ALTER TABLE public.auth_user_groups OWNER TO postgres;

--
-- Name: auth_user_groups_id_seq; Type: SEQUENCE; Schema: public; Owner: postgres
--

ALTER TABLE public.auth_user_groups ALTER COLUMN id ADD GENERATED BY DEFAULT AS IDENTITY (
    SEQUENCE NAME public.auth_user_groups_id_seq
    START WITH 1
    INCREMENT BY 1
    NO MINVALUE
    NO MAXVALUE
    CACHE 1
);


--
-- Name: auth_user_id_seq; Type: SEQUENCE; Schema: public; Owner: postgres
--

ALTER TABLE public.auth_user ALTER COLUMN id ADD GENERATED BY DEFAULT AS IDENTITY (
    SEQUENCE NAME public.auth_user_id_seq
    START WITH 1
    INCREMENT BY 1
    NO MINVALUE
    NO MAXVALUE
    CACHE 1
);


--
-- Name: auth_user_user_permissions; Type: TABLE; Schema: public; Owner: postgres
--

CREATE TABLE public.auth_user_user_permissions (
    id bigint NOT NULL,
    user_id integer NOT NULL,
    permission_id integer NOT NULL
);


ALTER TABLE public.auth_user_user_permissions OWNER TO postgres;

--
-- Name: auth_user_user_permissions_id_seq; Type: SEQUENCE; Schema: public; Owner: postgres
--

ALTER TABLE public.auth_user_user_permissions ALTER COLUMN id ADD GENERATED BY DEFAULT AS IDENTITY (
    SEQUENCE NAME public.auth_user_user_permissions_id_seq
    START WITH 1
    INCREMENT BY 1
    NO MINVALUE
    NO MAXVALUE
    CACHE 1
);


--
-- Name: bancos_cuentabancaria; Type: TABLE; Schema: public; Owner: postgres
--

CREATE TABLE public.bancos_cuentabancaria (
    id bigint NOT NULL,
    nombre character varying(150) NOT NULL,
    numero_cuenta character varying(50),
    moneda character varying(3) NOT NULL,
    saldo_actual numeric(18,2) NOT NULL,
    activa boolean NOT NULL,
    CONSTRAINT chk_saldo_positivo_cuenta CHECK ((saldo_actual >= (0)::numeric))
);


ALTER TABLE public.bancos_cuentabancaria OWNER TO postgres;

--
-- Name: bancos_cuentabancaria_id_seq; Type: SEQUENCE; Schema: public; Owner: postgres
--

ALTER TABLE public.bancos_cuentabancaria ALTER COLUMN id ADD GENERATED BY DEFAULT AS IDENTITY (
    SEQUENCE NAME public.bancos_cuentabancaria_id_seq
    START WITH 1
    INCREMENT BY 1
    NO MINVALUE
    NO MAXVALUE
    CACHE 1
);


--
-- Name: bancos_movimientocaja; Type: TABLE; Schema: public; Owner: postgres
--

CREATE TABLE public.bancos_movimientocaja (
    id bigint NOT NULL,
    tipo character varying(25) NOT NULL,
    monto numeric(18,2) NOT NULL,
    moneda character varying(3) NOT NULL,
    tasa_cambio numeric(18,6) NOT NULL,
    monto_usd numeric(18,2) NOT NULL,
    referencia character varying(100) NOT NULL,
    fecha date NOT NULL,
    notas text NOT NULL,
    cuenta_id bigint NOT NULL
);


ALTER TABLE public.bancos_movimientocaja OWNER TO postgres;

--
-- Name: bancos_movimientocaja_id_seq; Type: SEQUENCE; Schema: public; Owner: postgres
--

ALTER TABLE public.bancos_movimientocaja ALTER COLUMN id ADD GENERATED BY DEFAULT AS IDENTITY (
    SEQUENCE NAME public.bancos_movimientocaja_id_seq
    START WITH 1
    INCREMENT BY 1
    NO MINVALUE
    NO MAXVALUE
    CACHE 1
);


--
-- Name: bancos_movimientotesoreria; Type: TABLE; Schema: public; Owner: postgres
--

CREATE TABLE public.bancos_movimientotesoreria (
    id bigint NOT NULL,
    numero character varying(20) NOT NULL,
    tipo character varying(10) NOT NULL,
    monto numeric(18,2) NOT NULL,
    moneda character varying(3) NOT NULL,
    tasa_cambio numeric(18,6) NOT NULL,
    monto_usd numeric(18,2) NOT NULL,
    descripcion text NOT NULL,
    fecha date NOT NULL,
    categoria_id bigint NOT NULL,
    cuenta_id bigint NOT NULL,
    registrado_por_id integer
);


ALTER TABLE public.bancos_movimientotesoreria OWNER TO postgres;

--
-- Name: bancos_movimientotesoreria_id_seq; Type: SEQUENCE; Schema: public; Owner: postgres
--

ALTER TABLE public.bancos_movimientotesoreria ALTER COLUMN id ADD GENERATED BY DEFAULT AS IDENTITY (
    SEQUENCE NAME public.bancos_movimientotesoreria_id_seq
    START WITH 1
    INCREMENT BY 1
    NO MINVALUE
    NO MAXVALUE
    CACHE 1
);


--
-- Name: bancos_periodoreexpresado; Type: TABLE; Schema: public; Owner: postgres
--

CREATE TABLE public.bancos_periodoreexpresado (
    id bigint NOT NULL,
    anio smallint NOT NULL,
    mes smallint NOT NULL,
    tasa_cierre numeric(18,6) NOT NULL,
    fecha_ejecucion timestamp with time zone NOT NULL,
    ejecutado_por_id integer NOT NULL,
    CONSTRAINT bancos_periodoreexpresado_anio_check CHECK ((anio >= 0)),
    CONSTRAINT bancos_periodoreexpresado_mes_check CHECK ((mes >= 0))
);


ALTER TABLE public.bancos_periodoreexpresado OWNER TO postgres;

--
-- Name: bancos_periodoreexpresado_id_seq; Type: SEQUENCE; Schema: public; Owner: postgres
--

ALTER TABLE public.bancos_periodoreexpresado ALTER COLUMN id ADD GENERATED BY DEFAULT AS IDENTITY (
    SEQUENCE NAME public.bancos_periodoreexpresado_id_seq
    START WITH 1
    INCREMENT BY 1
    NO MINVALUE
    NO MAXVALUE
    CACHE 1
);


--
-- Name: bancos_respaldobd; Type: TABLE; Schema: public; Owner: postgres
--

CREATE TABLE public.bancos_respaldobd (
    id bigint NOT NULL,
    fecha timestamp with time zone NOT NULL,
    nombre_archivo character varying(200) NOT NULL,
    tamanio_bytes integer NOT NULL,
    exitoso boolean NOT NULL,
    error_mensaje text NOT NULL,
    ejecutado_por_id integer,
    CONSTRAINT bancos_respaldobd_tamanio_bytes_check CHECK ((tamanio_bytes >= 0))
);


ALTER TABLE public.bancos_respaldobd OWNER TO postgres;

--
-- Name: bancos_respaldobd_id_seq; Type: SEQUENCE; Schema: public; Owner: postgres
--

ALTER TABLE public.bancos_respaldobd ALTER COLUMN id ADD GENERATED BY DEFAULT AS IDENTITY (
    SEQUENCE NAME public.bancos_respaldobd_id_seq
    START WITH 1
    INCREMENT BY 1
    NO MINVALUE
    NO MAXVALUE
    CACHE 1
);


--
-- Name: bancos_transferenciacuentas; Type: TABLE; Schema: public; Owner: postgres
--

CREATE TABLE public.bancos_transferenciacuentas (
    id bigint NOT NULL,
    numero character varying(20) NOT NULL,
    monto_origen numeric(18,2) NOT NULL,
    monto_destino numeric(18,2) NOT NULL,
    tasa_cambio numeric(18,6) NOT NULL,
    fecha date NOT NULL,
    notas text NOT NULL,
    estado character varying(15) NOT NULL,
    cuenta_destino_id bigint NOT NULL,
    cuenta_origen_id bigint NOT NULL
);


ALTER TABLE public.bancos_transferenciacuentas OWNER TO postgres;

--
-- Name: bancos_transferenciacuentas_id_seq; Type: SEQUENCE; Schema: public; Owner: postgres
--

ALTER TABLE public.bancos_transferenciacuentas ALTER COLUMN id ADD GENERATED BY DEFAULT AS IDENTITY (
    SEQUENCE NAME public.bancos_transferenciacuentas_id_seq
    START WITH 1
    INCREMENT BY 1
    NO MINVALUE
    NO MAXVALUE
    CACHE 1
);


--
-- Name: compras_detallefacturacompra; Type: TABLE; Schema: public; Owner: postgres
--

CREATE TABLE public.compras_detallefacturacompra (
    id bigint NOT NULL,
    cantidad numeric(18,4) NOT NULL,
    costo_unitario numeric(18,6) NOT NULL,
    subtotal numeric(18,2) NOT NULL,
    producto_id bigint NOT NULL,
    factura_id bigint NOT NULL
);


ALTER TABLE public.compras_detallefacturacompra OWNER TO postgres;

--
-- Name: compras_detallefacturacompra_id_seq; Type: SEQUENCE; Schema: public; Owner: postgres
--

ALTER TABLE public.compras_detallefacturacompra ALTER COLUMN id ADD GENERATED BY DEFAULT AS IDENTITY (
    SEQUENCE NAME public.compras_detallefacturacompra_id_seq
    START WITH 1
    INCREMENT BY 1
    NO MINVALUE
    NO MAXVALUE
    CACHE 1
);


--
-- Name: compras_facturacompra; Type: TABLE; Schema: public; Owner: postgres
--

CREATE TABLE public.compras_facturacompra (
    id bigint NOT NULL,
    numero character varying(20) NOT NULL,
    fecha date NOT NULL,
    estado character varying(15) NOT NULL,
    moneda character varying(3) NOT NULL,
    tasa_cambio numeric(18,6) NOT NULL,
    total numeric(18,2) NOT NULL,
    notas text NOT NULL,
    proveedor_id bigint NOT NULL,
    fecha_vencimiento date
);


ALTER TABLE public.compras_facturacompra OWNER TO postgres;

--
-- Name: compras_facturacompra_id_seq; Type: SEQUENCE; Schema: public; Owner: postgres
--

ALTER TABLE public.compras_facturacompra ALTER COLUMN id ADD GENERATED BY DEFAULT AS IDENTITY (
    SEQUENCE NAME public.compras_facturacompra_id_seq
    START WITH 1
    INCREMENT BY 1
    NO MINVALUE
    NO MAXVALUE
    CACHE 1
);


--
-- Name: compras_gastoservicio; Type: TABLE; Schema: public; Owner: postgres
--

CREATE TABLE public.compras_gastoservicio (
    id bigint NOT NULL,
    numero character varying(20) NOT NULL,
    categoria_gasto_id bigint,
    descripcion text NOT NULL,
    monto numeric(18,2) NOT NULL,
    moneda character varying(3) NOT NULL,
    tasa_cambio numeric(18,6) NOT NULL,
    monto_usd numeric(18,2) NOT NULL,
    estado character varying(15) NOT NULL,
    cuenta_pago_id bigint,
    proveedor_id bigint NOT NULL,
    fecha_emision date NOT NULL,
    fecha_vencimiento date
);


ALTER TABLE public.compras_gastoservicio OWNER TO postgres;

--
-- Name: compras_gastoservicio_id_seq; Type: SEQUENCE; Schema: public; Owner: postgres
--

ALTER TABLE public.compras_gastoservicio ALTER COLUMN id ADD GENERATED BY DEFAULT AS IDENTITY (
    SEQUENCE NAME public.compras_gastoservicio_id_seq
    START WITH 1
    INCREMENT BY 1
    NO MINVALUE
    NO MAXVALUE
    CACHE 1
);


--
-- Name: compras_pago; Type: TABLE; Schema: public; Owner: postgres
--

CREATE TABLE public.compras_pago (
    id bigint NOT NULL,
    fecha date NOT NULL,
    monto numeric(18,2) NOT NULL,
    medio_pago character varying(20) NOT NULL,
    referencia character varying(100) NOT NULL,
    notas text NOT NULL,
    factura_id bigint NOT NULL,
    cuenta_origen_id bigint,
    moneda character varying(3) NOT NULL,
    monto_usd numeric(18,2) NOT NULL,
    tasa_cambio numeric(18,6) NOT NULL
);


ALTER TABLE public.compras_pago OWNER TO postgres;

--
-- Name: compras_pago_id_seq; Type: SEQUENCE; Schema: public; Owner: postgres
--

ALTER TABLE public.compras_pago ALTER COLUMN id ADD GENERATED BY DEFAULT AS IDENTITY (
    SEQUENCE NAME public.compras_pago_id_seq
    START WITH 1
    INCREMENT BY 1
    NO MINVALUE
    NO MAXVALUE
    CACHE 1
);


--
-- Name: compras_proveedor; Type: TABLE; Schema: public; Owner: postgres
--

CREATE TABLE public.compras_proveedor (
    id bigint NOT NULL,
    nombre character varying(200) NOT NULL,
    rif character varying(20) NOT NULL,
    telefono character varying(20) NOT NULL,
    email character varying(254) NOT NULL,
    activo boolean NOT NULL
);


ALTER TABLE public.compras_proveedor OWNER TO postgres;

--
-- Name: compras_proveedor_id_seq; Type: SEQUENCE; Schema: public; Owner: postgres
--

ALTER TABLE public.compras_proveedor ALTER COLUMN id ADD GENERATED BY DEFAULT AS IDENTITY (
    SEQUENCE NAME public.compras_proveedor_id_seq
    START WITH 1
    INCREMENT BY 1
    NO MINVALUE
    NO MAXVALUE
    CACHE 1
);


--
-- Name: core_auditlog; Type: TABLE; Schema: public; Owner: postgres
--

CREATE TABLE public.core_auditlog (
    id bigint NOT NULL,
    fecha_hora timestamp with time zone NOT NULL,
    ip_origen inet,
    modulo character varying(50) NOT NULL,
    accion character varying(20) NOT NULL,
    entidad character varying(100) NOT NULL,
    entidad_id integer NOT NULL,
    before_data jsonb,
    after_data jsonb,
    usuario_id integer,
    CONSTRAINT core_auditlog_entidad_id_check CHECK ((entidad_id >= 0))
);


ALTER TABLE public.core_auditlog OWNER TO postgres;

--
-- Name: core_auditlog_id_seq; Type: SEQUENCE; Schema: public; Owner: postgres
--

ALTER TABLE public.core_auditlog ALTER COLUMN id ADD GENERATED BY DEFAULT AS IDENTITY (
    SEQUENCE NAME public.core_auditlog_id_seq
    START WITH 1
    INCREMENT BY 1
    NO MINVALUE
    NO MAXVALUE
    CACHE 1
);


--
-- Name: core_categoriagasto; Type: TABLE; Schema: public; Owner: postgres
--

CREATE TABLE public.core_categoriagasto (
    id bigint NOT NULL,
    nombre character varying(100) NOT NULL,
    contexto character varying(10) NOT NULL,
    activa boolean NOT NULL,
    padre_id bigint
);


ALTER TABLE public.core_categoriagasto OWNER TO postgres;

--
-- Name: core_categoriagasto_id_seq; Type: SEQUENCE; Schema: public; Owner: postgres
--

ALTER TABLE public.core_categoriagasto ALTER COLUMN id ADD GENERATED BY DEFAULT AS IDENTITY (
    SEQUENCE NAME public.core_categoriagasto_id_seq
    START WITH 1
    INCREMENT BY 1
    NO MINVALUE
    NO MAXVALUE
    CACHE 1
);


--
-- Name: core_configuracionempresa; Type: TABLE; Schema: public; Owner: postgres
--

CREATE TABLE public.core_configuracionempresa (
    id bigint NOT NULL,
    nombre_empresa character varying(200) NOT NULL,
    rif character varying(20) NOT NULL,
    direccion text NOT NULL,
    telefono character varying(50) NOT NULL,
    email character varying(254),
    pie_documento text NOT NULL,
    fecha_venta_abierta boolean NOT NULL
);


ALTER TABLE public.core_configuracionempresa OWNER TO postgres;

--
-- Name: core_configuracionempresa_id_seq; Type: SEQUENCE; Schema: public; Owner: postgres
--

ALTER TABLE public.core_configuracionempresa ALTER COLUMN id ADD GENERATED BY DEFAULT AS IDENTITY (
    SEQUENCE NAME public.core_configuracionempresa_id_seq
    START WITH 1
    INCREMENT BY 1
    NO MINVALUE
    NO MAXVALUE
    CACHE 1
);


--
-- Name: core_notificacion; Type: TABLE; Schema: public; Owner: postgres
--

CREATE TABLE public.core_notificacion (
    id bigint NOT NULL,
    tipo character varying(30) NOT NULL,
    titulo character varying(200) NOT NULL,
    mensaje text NOT NULL,
    entidad character varying(100) NOT NULL,
    entidad_id integer NOT NULL,
    fecha_referencia date NOT NULL,
    activa boolean NOT NULL,
    creada_en timestamp with time zone NOT NULL,
    CONSTRAINT core_notificacion_entidad_id_check CHECK ((entidad_id >= 0))
);


ALTER TABLE public.core_notificacion OWNER TO postgres;

--
-- Name: core_notificacion_id_seq; Type: SEQUENCE; Schema: public; Owner: postgres
--

ALTER TABLE public.core_notificacion ALTER COLUMN id ADD GENERATED BY DEFAULT AS IDENTITY (
    SEQUENCE NAME public.core_notificacion_id_seq
    START WITH 1
    INCREMENT BY 1
    NO MINVALUE
    NO MAXVALUE
    CACHE 1
);


--
-- Name: core_secuencia; Type: TABLE; Schema: public; Owner: postgres
--

CREATE TABLE public.core_secuencia (
    id bigint NOT NULL,
    tipo_documento character varying(6) NOT NULL,
    ultimo_numero integer NOT NULL,
    prefijo character varying(10) NOT NULL,
    digitos smallint NOT NULL,
    CONSTRAINT core_secuencia_digitos_check CHECK ((digitos >= 0)),
    CONSTRAINT core_secuencia_ultimo_numero_check CHECK ((ultimo_numero >= 0))
);


ALTER TABLE public.core_secuencia OWNER TO postgres;

--
-- Name: core_secuencia_id_seq; Type: SEQUENCE; Schema: public; Owner: postgres
--

ALTER TABLE public.core_secuencia ALTER COLUMN id ADD GENERATED BY DEFAULT AS IDENTITY (
    SEQUENCE NAME public.core_secuencia_id_seq
    START WITH 1
    INCREMENT BY 1
    NO MINVALUE
    NO MAXVALUE
    CACHE 1
);


--
-- Name: core_tasacambio; Type: TABLE; Schema: public; Owner: postgres
--

CREATE TABLE public.core_tasacambio (
    id bigint NOT NULL,
    fecha date NOT NULL,
    tasa numeric(18,6) NOT NULL,
    fuente character varying(20) NOT NULL,
    creado_en timestamp with time zone NOT NULL
);


ALTER TABLE public.core_tasacambio OWNER TO postgres;

--
-- Name: core_tasacambio_id_seq; Type: SEQUENCE; Schema: public; Owner: postgres
--

ALTER TABLE public.core_tasacambio ALTER COLUMN id ADD GENERATED BY DEFAULT AS IDENTITY (
    SEQUENCE NAME public.core_tasacambio_id_seq
    START WITH 1
    INCREMENT BY 1
    NO MINVALUE
    NO MAXVALUE
    CACHE 1
);


--
-- Name: django_admin_log; Type: TABLE; Schema: public; Owner: postgres
--

CREATE TABLE public.django_admin_log (
    id integer NOT NULL,
    action_time timestamp with time zone NOT NULL,
    object_id text,
    object_repr character varying(200) NOT NULL,
    action_flag smallint NOT NULL,
    change_message text NOT NULL,
    content_type_id integer,
    user_id integer NOT NULL,
    CONSTRAINT django_admin_log_action_flag_check CHECK ((action_flag >= 0))
);


ALTER TABLE public.django_admin_log OWNER TO postgres;

--
-- Name: django_admin_log_id_seq; Type: SEQUENCE; Schema: public; Owner: postgres
--

ALTER TABLE public.django_admin_log ALTER COLUMN id ADD GENERATED BY DEFAULT AS IDENTITY (
    SEQUENCE NAME public.django_admin_log_id_seq
    START WITH 1
    INCREMENT BY 1
    NO MINVALUE
    NO MAXVALUE
    CACHE 1
);


--
-- Name: django_content_type; Type: TABLE; Schema: public; Owner: postgres
--

CREATE TABLE public.django_content_type (
    id integer NOT NULL,
    app_label character varying(100) NOT NULL,
    model character varying(100) NOT NULL
);


ALTER TABLE public.django_content_type OWNER TO postgres;

--
-- Name: django_content_type_id_seq; Type: SEQUENCE; Schema: public; Owner: postgres
--

ALTER TABLE public.django_content_type ALTER COLUMN id ADD GENERATED BY DEFAULT AS IDENTITY (
    SEQUENCE NAME public.django_content_type_id_seq
    START WITH 1
    INCREMENT BY 1
    NO MINVALUE
    NO MAXVALUE
    CACHE 1
);


--
-- Name: django_migrations; Type: TABLE; Schema: public; Owner: postgres
--

CREATE TABLE public.django_migrations (
    id bigint NOT NULL,
    app character varying(255) NOT NULL,
    name character varying(255) NOT NULL,
    applied timestamp with time zone NOT NULL
);


ALTER TABLE public.django_migrations OWNER TO postgres;

--
-- Name: django_migrations_id_seq; Type: SEQUENCE; Schema: public; Owner: postgres
--

ALTER TABLE public.django_migrations ALTER COLUMN id ADD GENERATED BY DEFAULT AS IDENTITY (
    SEQUENCE NAME public.django_migrations_id_seq
    START WITH 1
    INCREMENT BY 1
    NO MINVALUE
    NO MAXVALUE
    CACHE 1
);


--
-- Name: django_session; Type: TABLE; Schema: public; Owner: postgres
--

CREATE TABLE public.django_session (
    session_key character varying(40) NOT NULL,
    session_data text NOT NULL,
    expire_date timestamp with time zone NOT NULL
);


ALTER TABLE public.django_session OWNER TO postgres;

--
-- Name: produccion_consumoop; Type: TABLE; Schema: public; Owner: postgres
--

CREATE TABLE public.produccion_consumoop (
    id bigint NOT NULL,
    cantidad_consumida numeric(18,4) NOT NULL,
    costo_unitario numeric(18,6) NOT NULL,
    subtotal numeric(18,2) NOT NULL,
    producto_id bigint NOT NULL,
    unidad_medida_id bigint NOT NULL,
    orden_id bigint NOT NULL
);


ALTER TABLE public.produccion_consumoop OWNER TO postgres;

--
-- Name: produccion_consumoop_id_seq; Type: SEQUENCE; Schema: public; Owner: postgres
--

ALTER TABLE public.produccion_consumoop ALTER COLUMN id ADD GENERATED BY DEFAULT AS IDENTITY (
    SEQUENCE NAME public.produccion_consumoop_id_seq
    START WITH 1
    INCREMENT BY 1
    NO MINVALUE
    NO MAXVALUE
    CACHE 1
);


--
-- Name: produccion_ordenproduccion; Type: TABLE; Schema: public; Owner: postgres
--

CREATE TABLE public.produccion_ordenproduccion (
    id bigint NOT NULL,
    numero character varying(20) NOT NULL,
    fecha_apertura date NOT NULL,
    fecha_cierre date,
    estado character varying(15) NOT NULL,
    costo_total numeric(18,2) NOT NULL,
    notas text NOT NULL,
    receta_id bigint NOT NULL,
    kg_totales_salida numeric(18,4),
    rendimiento_real numeric(18,6)
);


ALTER TABLE public.produccion_ordenproduccion OWNER TO postgres;

--
-- Name: produccion_ordenproduccion_id_seq; Type: SEQUENCE; Schema: public; Owner: postgres
--

ALTER TABLE public.produccion_ordenproduccion ALTER COLUMN id ADD GENERATED BY DEFAULT AS IDENTITY (
    SEQUENCE NAME public.produccion_ordenproduccion_id_seq
    START WITH 1
    INCREMENT BY 1
    NO MINVALUE
    NO MAXVALUE
    CACHE 1
);


--
-- Name: produccion_receta; Type: TABLE; Schema: public; Owner: postgres
--

CREATE TABLE public.produccion_receta (
    id bigint NOT NULL,
    nombre character varying(100) NOT NULL,
    rendimiento_esperado numeric(5,2) NOT NULL,
    activo boolean NOT NULL,
    unidad_rendimiento character varying(20) NOT NULL
);


ALTER TABLE public.produccion_receta OWNER TO postgres;

--
-- Name: produccion_receta_id_seq; Type: SEQUENCE; Schema: public; Owner: postgres
--

ALTER TABLE public.produccion_receta ALTER COLUMN id ADD GENERATED BY DEFAULT AS IDENTITY (
    SEQUENCE NAME public.produccion_receta_id_seq
    START WITH 1
    INCREMENT BY 1
    NO MINVALUE
    NO MAXVALUE
    CACHE 1
);


--
-- Name: produccion_recetadetalle; Type: TABLE; Schema: public; Owner: postgres
--

CREATE TABLE public.produccion_recetadetalle (
    id bigint NOT NULL,
    cantidad_base numeric(18,4) NOT NULL,
    materia_prima_id bigint NOT NULL,
    receta_id bigint NOT NULL,
    unidad_medida_id bigint NOT NULL
);


ALTER TABLE public.produccion_recetadetalle OWNER TO postgres;

--
-- Name: produccion_recetadetalle_id_seq; Type: SEQUENCE; Schema: public; Owner: postgres
--

ALTER TABLE public.produccion_recetadetalle ALTER COLUMN id ADD GENERATED BY DEFAULT AS IDENTITY (
    SEQUENCE NAME public.produccion_recetadetalle_id_seq
    START WITH 1
    INCREMENT BY 1
    NO MINVALUE
    NO MAXVALUE
    CACHE 1
);


--
-- Name: produccion_salidaorden; Type: TABLE; Schema: public; Owner: postgres
--

CREATE TABLE public.produccion_salidaorden (
    id bigint NOT NULL,
    cantidad numeric(18,4) NOT NULL,
    precio_referencia numeric(18,2) NOT NULL,
    es_subproducto boolean NOT NULL,
    costo_asignado numeric(18,6) NOT NULL,
    orden_id bigint NOT NULL,
    producto_id bigint NOT NULL
);


ALTER TABLE public.produccion_salidaorden OWNER TO postgres;

--
-- Name: produccion_salidaorden_id_seq; Type: SEQUENCE; Schema: public; Owner: postgres
--

ALTER TABLE public.produccion_salidaorden ALTER COLUMN id ADD GENERATED BY DEFAULT AS IDENTITY (
    SEQUENCE NAME public.produccion_salidaorden_id_seq
    START WITH 1
    INCREMENT BY 1
    NO MINVALUE
    NO MAXVALUE
    CACHE 1
);


--
-- Name: socios_pagoprestamo; Type: TABLE; Schema: public; Owner: postgres
--

CREATE TABLE public.socios_pagoprestamo (
    id bigint NOT NULL,
    monto numeric(18,2) NOT NULL,
    moneda character varying(3) NOT NULL,
    tasa_cambio numeric(18,6) NOT NULL,
    monto_usd numeric(18,2) NOT NULL,
    fecha date NOT NULL,
    notas text,
    cuenta_origen_id bigint,
    prestamo_id bigint NOT NULL
);


ALTER TABLE public.socios_pagoprestamo OWNER TO postgres;

--
-- Name: socios_pagoprestamo_id_seq; Type: SEQUENCE; Schema: public; Owner: postgres
--

ALTER TABLE public.socios_pagoprestamo ALTER COLUMN id ADD GENERATED BY DEFAULT AS IDENTITY (
    SEQUENCE NAME public.socios_pagoprestamo_id_seq
    START WITH 1
    INCREMENT BY 1
    NO MINVALUE
    NO MAXVALUE
    CACHE 1
);


--
-- Name: socios_prestamoporsocio; Type: TABLE; Schema: public; Owner: postgres
--

CREATE TABLE public.socios_prestamoporsocio (
    id bigint NOT NULL,
    numero character varying(20) NOT NULL,
    monto_principal numeric(18,2) NOT NULL,
    moneda character varying(3) NOT NULL,
    tasa_cambio numeric(18,6) NOT NULL,
    monto_usd numeric(18,2) NOT NULL,
    fecha_prestamo date NOT NULL,
    fecha_vencimiento date,
    estado character varying(10) NOT NULL,
    notas text,
    cuenta_destino_id bigint,
    socio_id bigint NOT NULL
);


ALTER TABLE public.socios_prestamoporsocio OWNER TO postgres;

--
-- Name: socios_prestamoporsocio_id_seq; Type: SEQUENCE; Schema: public; Owner: postgres
--

ALTER TABLE public.socios_prestamoporsocio ALTER COLUMN id ADD GENERATED BY DEFAULT AS IDENTITY (
    SEQUENCE NAME public.socios_prestamoporsocio_id_seq
    START WITH 1
    INCREMENT BY 1
    NO MINVALUE
    NO MAXVALUE
    CACHE 1
);


--
-- Name: socios_socio; Type: TABLE; Schema: public; Owner: postgres
--

CREATE TABLE public.socios_socio (
    id bigint NOT NULL,
    nombre character varying(150) NOT NULL,
    rif character varying(20),
    telefono character varying(30),
    email character varying(254),
    activo boolean NOT NULL
);


ALTER TABLE public.socios_socio OWNER TO postgres;

--
-- Name: socios_socio_id_seq; Type: SEQUENCE; Schema: public; Owner: postgres
--

ALTER TABLE public.socios_socio ALTER COLUMN id ADD GENERATED BY DEFAULT AS IDENTITY (
    SEQUENCE NAME public.socios_socio_id_seq
    START WITH 1
    INCREMENT BY 1
    NO MINVALUE
    NO MAXVALUE
    CACHE 1
);


--
-- Name: ventas_cliente; Type: TABLE; Schema: public; Owner: postgres
--

CREATE TABLE public.ventas_cliente (
    id bigint NOT NULL,
    nombre character varying(200) NOT NULL,
    rif character varying(20) NOT NULL,
    telefono character varying(20) NOT NULL,
    limite_credito numeric(18,2) NOT NULL,
    activo boolean NOT NULL,
    dias_credito integer NOT NULL,
    tipo_control_credito character varying(15) NOT NULL,
    CONSTRAINT ventas_cliente_dias_credito_check CHECK ((dias_credito >= 0))
);


ALTER TABLE public.ventas_cliente OWNER TO postgres;

--
-- Name: ventas_cliente_id_seq; Type: SEQUENCE; Schema: public; Owner: postgres
--

ALTER TABLE public.ventas_cliente ALTER COLUMN id ADD GENERATED BY DEFAULT AS IDENTITY (
    SEQUENCE NAME public.ventas_cliente_id_seq
    START WITH 1
    INCREMENT BY 1
    NO MINVALUE
    NO MAXVALUE
    CACHE 1
);


--
-- Name: ventas_cobro; Type: TABLE; Schema: public; Owner: postgres
--

CREATE TABLE public.ventas_cobro (
    id bigint NOT NULL,
    fecha date NOT NULL,
    monto numeric(18,2) NOT NULL,
    medio_pago character varying(20) NOT NULL,
    referencia character varying(100) NOT NULL,
    notas text NOT NULL,
    factura_id bigint NOT NULL,
    cuenta_destino_id bigint,
    moneda character varying(3) NOT NULL,
    monto_usd numeric(18,2) NOT NULL,
    tasa_cambio numeric(18,6) NOT NULL
);


ALTER TABLE public.ventas_cobro OWNER TO postgres;

--
-- Name: ventas_cobro_id_seq; Type: SEQUENCE; Schema: public; Owner: postgres
--

ALTER TABLE public.ventas_cobro ALTER COLUMN id ADD GENERATED BY DEFAULT AS IDENTITY (
    SEQUENCE NAME public.ventas_cobro_id_seq
    START WITH 1
    INCREMENT BY 1
    NO MINVALUE
    NO MAXVALUE
    CACHE 1
);


--
-- Name: ventas_detallefacturaventa; Type: TABLE; Schema: public; Owner: postgres
--

CREATE TABLE public.ventas_detallefacturaventa (
    id bigint NOT NULL,
    cantidad numeric(18,4) NOT NULL,
    precio_unitario numeric(18,6) NOT NULL,
    subtotal numeric(18,2) NOT NULL,
    producto_id bigint NOT NULL,
    factura_id bigint NOT NULL
);


ALTER TABLE public.ventas_detallefacturaventa OWNER TO postgres;

--
-- Name: ventas_detallefacturaventa_id_seq; Type: SEQUENCE; Schema: public; Owner: postgres
--

ALTER TABLE public.ventas_detallefacturaventa ALTER COLUMN id ADD GENERATED BY DEFAULT AS IDENTITY (
    SEQUENCE NAME public.ventas_detallefacturaventa_id_seq
    START WITH 1
    INCREMENT BY 1
    NO MINVALUE
    NO MAXVALUE
    CACHE 1
);


--
-- Name: ventas_detallelista; Type: TABLE; Schema: public; Owner: postgres
--

CREATE TABLE public.ventas_detallelista (
    id bigint NOT NULL,
    precio numeric(18,2) NOT NULL,
    aprobado boolean NOT NULL,
    vigente_desde date NOT NULL,
    aprobado_por_id integer,
    producto_id bigint NOT NULL,
    lista_id bigint NOT NULL
);


ALTER TABLE public.ventas_detallelista OWNER TO postgres;

--
-- Name: ventas_detallelista_id_seq; Type: SEQUENCE; Schema: public; Owner: postgres
--

ALTER TABLE public.ventas_detallelista ALTER COLUMN id ADD GENERATED BY DEFAULT AS IDENTITY (
    SEQUENCE NAME public.ventas_detallelista_id_seq
    START WITH 1
    INCREMENT BY 1
    NO MINVALUE
    NO MAXVALUE
    CACHE 1
);


--
-- Name: ventas_facturaventa; Type: TABLE; Schema: public; Owner: postgres
--

CREATE TABLE public.ventas_facturaventa (
    id bigint NOT NULL,
    numero character varying(20) NOT NULL,
    fecha date NOT NULL,
    estado character varying(15) NOT NULL,
    moneda character varying(3) NOT NULL,
    tasa_cambio numeric(18,6) NOT NULL,
    total numeric(18,2) NOT NULL,
    notas text NOT NULL,
    cliente_id bigint NOT NULL,
    fecha_vencimiento date,
    lista_precio_id bigint
);


ALTER TABLE public.ventas_facturaventa OWNER TO postgres;

--
-- Name: ventas_facturaventa_id_seq; Type: SEQUENCE; Schema: public; Owner: postgres
--

ALTER TABLE public.ventas_facturaventa ALTER COLUMN id ADD GENERATED BY DEFAULT AS IDENTITY (
    SEQUENCE NAME public.ventas_facturaventa_id_seq
    START WITH 1
    INCREMENT BY 1
    NO MINVALUE
    NO MAXVALUE
    CACHE 1
);


--
-- Name: ventas_listaprecio; Type: TABLE; Schema: public; Owner: postgres
--

CREATE TABLE public.ventas_listaprecio (
    id bigint NOT NULL,
    nombre character varying(100) NOT NULL,
    activa boolean NOT NULL,
    requiere_aprobacion boolean NOT NULL
);


ALTER TABLE public.ventas_listaprecio OWNER TO postgres;

--
-- Name: ventas_listaprecio_id_seq; Type: SEQUENCE; Schema: public; Owner: postgres
--

ALTER TABLE public.ventas_listaprecio ALTER COLUMN id ADD GENERATED BY DEFAULT AS IDENTITY (
    SEQUENCE NAME public.ventas_listaprecio_id_seq
    START WITH 1
    INCREMENT BY 1
    NO MINVALUE
    NO MAXVALUE
    CACHE 1
);


--
-- Data for Name: almacen_ajusteinventario; Type: TABLE DATA; Schema: public; Owner: postgres
--

COPY public.almacen_ajusteinventario (id, numero, tipo, cantidad, motivo, estado, producto_id) FROM stdin;
\.


--
-- Data for Name: almacen_cambioproducto; Type: TABLE DATA; Schema: public; Owner: postgres
--

COPY public.almacen_cambioproducto (id, campo, valor_anterior, valor_nuevo, estado, fecha_propuesta, motivo_rechazo, aprobado_por_id, producto_id, propuesto_por_id) FROM stdin;
\.


--
-- Data for Name: almacen_categoria; Type: TABLE DATA; Schema: public; Owner: postgres
--

COPY public.almacen_categoria (id, nombre, activo) FROM stdin;
\.


--
-- Data for Name: almacen_movimientoinventario; Type: TABLE DATA; Schema: public; Owner: postgres
--

COPY public.almacen_movimientoinventario (id, tipo, cantidad, costo_unitario, referencia, fecha, notas, producto_id) FROM stdin;
\.


--
-- Data for Name: almacen_producto; Type: TABLE DATA; Schema: public; Owner: postgres
--

COPY public.almacen_producto (id, codigo, nombre, stock_actual, costo_promedio, es_materia_prima, es_producto_terminado, activo, categoria_id, unidad_medida_id, peso_unitario_kg, precio_venta, es_materia_prima_base, stock_maximo, stock_minimo) FROM stdin;
\.


--
-- Data for Name: almacen_unidadmedida; Type: TABLE DATA; Schema: public; Owner: postgres
--

COPY public.almacen_unidadmedida (id, nombre, simbolo, activo) FROM stdin;
1	Kilogramo	kg	t
2	Gramo	g	t
3	Litro	L	t
4	Mililitro	ml	t
5	Unidad	unid	t
\.


--
-- Data for Name: auth_group; Type: TABLE DATA; Schema: public; Owner: postgres
--

COPY public.auth_group (id, name) FROM stdin;
1	Master
2	Administrador
3	Jefe Producción
4	Asistente Compras
5	Asistente Ventas
\.


--
-- Data for Name: auth_group_permissions; Type: TABLE DATA; Schema: public; Owner: postgres
--

COPY public.auth_group_permissions (id, group_id, permission_id) FROM stdin;
\.


--
-- Data for Name: auth_permission; Type: TABLE DATA; Schema: public; Owner: postgres
--

COPY public.auth_permission (id, name, content_type_id, codename) FROM stdin;
1	Can add log entry	1	add_logentry
2	Can change log entry	1	change_logentry
3	Can delete log entry	1	delete_logentry
4	Can view log entry	1	view_logentry
5	Can add permission	3	add_permission
6	Can change permission	3	change_permission
7	Can delete permission	3	delete_permission
8	Can view permission	3	view_permission
9	Can add group	2	add_group
10	Can change group	2	change_group
11	Can delete group	2	delete_group
12	Can view group	2	view_group
13	Can add user	4	add_user
14	Can change user	4	change_user
15	Can delete user	4	delete_user
16	Can view user	4	view_user
17	Can add content type	5	add_contenttype
18	Can change content type	5	change_contenttype
19	Can delete content type	5	delete_contenttype
20	Can view content type	5	view_contenttype
21	Can add session	6	add_session
22	Can change session	6	change_session
23	Can delete session	6	delete_session
24	Can view session	6	view_session
25	Can add Registro de Auditoría	7	add_auditlog
26	Can change Registro de Auditoría	7	change_auditlog
27	Can delete Registro de Auditoría	7	delete_auditlog
28	Can view Registro de Auditoría	7	view_auditlog
29	Can add Secuencia	11	add_secuencia
30	Can change Secuencia	11	change_secuencia
31	Can delete Secuencia	11	delete_secuencia
32	Can view Secuencia	11	view_secuencia
33	Can add Configuración de Empresa	9	add_configuracionempresa
34	Can change Configuración de Empresa	9	change_configuracionempresa
35	Can delete Configuración de Empresa	9	delete_configuracionempresa
36	Can view Configuración de Empresa	9	view_configuracionempresa
37	Can add Tasa de Cambio	12	add_tasacambio
38	Can change Tasa de Cambio	12	change_tasacambio
39	Can delete Tasa de Cambio	12	delete_tasacambio
40	Can view Tasa de Cambio	12	view_tasacambio
41	Can add Categoría de Gasto	8	add_categoriagasto
42	Can change Categoría de Gasto	8	change_categoriagasto
43	Can delete Categoría de Gasto	8	delete_categoriagasto
44	Can view Categoría de Gasto	8	view_categoriagasto
45	Can add Notificación	10	add_notificacion
46	Can change Notificación	10	change_notificacion
47	Can delete Notificación	10	delete_notificacion
48	Can view Notificación	10	view_notificacion
49	Can add Categoría	15	add_categoria
50	Can change Categoría	15	change_categoria
51	Can delete Categoría	15	delete_categoria
52	Can view Categoría	15	view_categoria
53	Can add Unidad de Medida	18	add_unidadmedida
54	Can change Unidad de Medida	18	change_unidadmedida
55	Can delete Unidad de Medida	18	delete_unidadmedida
56	Can view Unidad de Medida	18	view_unidadmedida
57	Can add Producto	17	add_producto
58	Can change Producto	17	change_producto
59	Can delete Producto	17	delete_producto
60	Can view Producto	17	view_producto
61	Can add Movimiento de Inventario	16	add_movimientoinventario
62	Can change Movimiento de Inventario	16	change_movimientoinventario
63	Can delete Movimiento de Inventario	16	delete_movimientoinventario
64	Can view Movimiento de Inventario	16	view_movimientoinventario
65	Can add Ajuste de Inventario	13	add_ajusteinventario
66	Can change Ajuste de Inventario	13	change_ajusteinventario
67	Can delete Ajuste de Inventario	13	delete_ajusteinventario
68	Can view Ajuste de Inventario	13	view_ajusteinventario
69	Can add Cambio de Producto	14	add_cambioproducto
70	Can change Cambio de Producto	14	change_cambioproducto
71	Can delete Cambio de Producto	14	delete_cambioproducto
72	Can view Cambio de Producto	14	view_cambioproducto
73	Can add Factura de Compra	20	add_facturacompra
74	Can change Factura de Compra	20	change_facturacompra
75	Can delete Factura de Compra	20	delete_facturacompra
76	Can view Factura de Compra	20	view_facturacompra
77	Can add Proveedor	23	add_proveedor
78	Can change Proveedor	23	change_proveedor
79	Can delete Proveedor	23	delete_proveedor
80	Can view Proveedor	23	view_proveedor
81	Can add Detalle de Factura de Compra	19	add_detallefacturacompra
82	Can change Detalle de Factura de Compra	19	change_detallefacturacompra
83	Can delete Detalle de Factura de Compra	19	delete_detallefacturacompra
84	Can view Detalle de Factura de Compra	19	view_detallefacturacompra
85	Can add Pago	22	add_pago
86	Can change Pago	22	change_pago
87	Can delete Pago	22	delete_pago
88	Can view Pago	22	view_pago
89	Can add Gasto o Servicio	21	add_gastoservicio
90	Can change Gasto o Servicio	21	change_gastoservicio
91	Can delete Gasto o Servicio	21	delete_gastoservicio
92	Can view Gasto o Servicio	21	view_gastoservicio
93	Can add Cliente	24	add_cliente
94	Can change Cliente	24	change_cliente
95	Can delete Cliente	24	delete_cliente
96	Can view Cliente	24	view_cliente
97	Can add Factura de Venta	28	add_facturaventa
98	Can change Factura de Venta	28	change_facturaventa
99	Can delete Factura de Venta	28	delete_facturaventa
100	Can view Factura de Venta	28	view_facturaventa
101	Can add Detalle de Factura de Venta	26	add_detallefacturaventa
102	Can change Detalle de Factura de Venta	26	change_detallefacturaventa
103	Can delete Detalle de Factura de Venta	26	delete_detallefacturaventa
104	Can view Detalle de Factura de Venta	26	view_detallefacturaventa
105	Can add Cobro	25	add_cobro
106	Can change Cobro	25	change_cobro
107	Can delete Cobro	25	delete_cobro
108	Can view Cobro	25	view_cobro
109	Can add Lista de Precios	29	add_listaprecio
110	Can change Lista de Precios	29	change_listaprecio
111	Can delete Lista de Precios	29	delete_listaprecio
112	Can view Lista de Precios	29	view_listaprecio
113	Can add Detalle de Lista de Precio	27	add_detallelista
114	Can change Detalle de Lista de Precio	27	change_detallelista
115	Can delete Detalle de Lista de Precio	27	delete_detallelista
116	Can view Detalle de Lista de Precio	27	view_detallelista
117	Can add Orden de Producción	31	add_ordenproduccion
118	Can change Orden de Producción	31	change_ordenproduccion
119	Can delete Orden de Producción	31	delete_ordenproduccion
120	Can view Orden de Producción	31	view_ordenproduccion
121	Can add Consumo de Orden de Producción	30	add_consumoop
122	Can change Consumo de Orden de Producción	30	change_consumoop
123	Can delete Consumo de Orden de Producción	30	delete_consumoop
124	Can view Consumo de Orden de Producción	30	view_consumoop
125	Can add Receta	32	add_receta
126	Can change Receta	32	change_receta
127	Can delete Receta	32	delete_receta
128	Can view Receta	32	view_receta
129	Can add Detalle de Receta	33	add_recetadetalle
130	Can change Detalle de Receta	33	change_recetadetalle
131	Can delete Detalle de Receta	33	delete_recetadetalle
132	Can view Detalle de Receta	33	view_recetadetalle
133	Can add Salida de Orden	34	add_salidaorden
134	Can change Salida de Orden	34	change_salidaorden
135	Can delete Salida de Orden	34	delete_salidaorden
136	Can view Salida de Orden	34	view_salidaorden
137	Can add Cuenta Bancaria	35	add_cuentabancaria
138	Can change Cuenta Bancaria	35	change_cuentabancaria
139	Can delete Cuenta Bancaria	35	delete_cuentabancaria
140	Can view Cuenta Bancaria	35	view_cuentabancaria
141	Can add Movimiento de Caja	36	add_movimientocaja
142	Can change Movimiento de Caja	36	change_movimientocaja
143	Can delete Movimiento de Caja	36	delete_movimientocaja
144	Can view Movimiento de Caja	36	view_movimientocaja
145	Can add Transferencia de Cuentas	40	add_transferenciacuentas
146	Can change Transferencia de Cuentas	40	change_transferenciacuentas
147	Can delete Transferencia de Cuentas	40	delete_transferenciacuentas
148	Can view Transferencia de Cuentas	40	view_transferenciacuentas
149	Can add Período Reexpresado	38	add_periodoreexpresado
150	Can change Período Reexpresado	38	change_periodoreexpresado
151	Can delete Período Reexpresado	38	delete_periodoreexpresado
152	Can view Período Reexpresado	38	view_periodoreexpresado
153	Can add Movimiento de Tesorería	37	add_movimientotesoreria
154	Can change Movimiento de Tesorería	37	change_movimientotesoreria
155	Can delete Movimiento de Tesorería	37	delete_movimientotesoreria
156	Can view Movimiento de Tesorería	37	view_movimientotesoreria
157	Can add Respaldo de BD	39	add_respaldobd
158	Can change Respaldo de BD	39	change_respaldobd
159	Can delete Respaldo de BD	39	delete_respaldobd
160	Can view Respaldo de BD	39	view_respaldobd
161	Can add Enlace de Reporte	41	add_reportelink
162	Can change Enlace de Reporte	41	change_reportelink
163	Can delete Enlace de Reporte	41	delete_reportelink
164	Can view Enlace de Reporte	41	view_reportelink
165	Can add Socio	44	add_socio
166	Can change Socio	44	change_socio
167	Can delete Socio	44	delete_socio
168	Can view Socio	44	view_socio
169	Can add Préstamo por Socio	43	add_prestamoporsocio
170	Can change Préstamo por Socio	43	change_prestamoporsocio
171	Can delete Préstamo por Socio	43	delete_prestamoporsocio
172	Can view Préstamo por Socio	43	view_prestamoporsocio
173	Can add Pago de Préstamo	42	add_pagoprestamo
174	Can change Pago de Préstamo	42	change_pagoprestamo
175	Can delete Pago de Préstamo	42	delete_pagoprestamo
176	Can view Pago de Préstamo	42	view_pagoprestamo
\.


--
-- Data for Name: auth_user; Type: TABLE DATA; Schema: public; Owner: postgres
--

COPY public.auth_user (id, password, last_login, is_superuser, username, first_name, last_name, email, is_staff, is_active, date_joined) FROM stdin;
\.


--
-- Data for Name: auth_user_groups; Type: TABLE DATA; Schema: public; Owner: postgres
--

COPY public.auth_user_groups (id, user_id, group_id) FROM stdin;
\.


--
-- Data for Name: auth_user_user_permissions; Type: TABLE DATA; Schema: public; Owner: postgres
--

COPY public.auth_user_user_permissions (id, user_id, permission_id) FROM stdin;
\.


--
-- Data for Name: bancos_cuentabancaria; Type: TABLE DATA; Schema: public; Owner: postgres
--

COPY public.bancos_cuentabancaria (id, nombre, numero_cuenta, moneda, saldo_actual, activa) FROM stdin;
\.


--
-- Data for Name: bancos_movimientocaja; Type: TABLE DATA; Schema: public; Owner: postgres
--

COPY public.bancos_movimientocaja (id, tipo, monto, moneda, tasa_cambio, monto_usd, referencia, fecha, notas, cuenta_id) FROM stdin;
\.


--
-- Data for Name: bancos_movimientotesoreria; Type: TABLE DATA; Schema: public; Owner: postgres
--

COPY public.bancos_movimientotesoreria (id, numero, tipo, monto, moneda, tasa_cambio, monto_usd, descripcion, fecha, categoria_id, cuenta_id, registrado_por_id) FROM stdin;
\.


--
-- Data for Name: bancos_periodoreexpresado; Type: TABLE DATA; Schema: public; Owner: postgres
--

COPY public.bancos_periodoreexpresado (id, anio, mes, tasa_cierre, fecha_ejecucion, ejecutado_por_id) FROM stdin;
\.


--
-- Data for Name: bancos_respaldobd; Type: TABLE DATA; Schema: public; Owner: postgres
--

COPY public.bancos_respaldobd (id, fecha, nombre_archivo, tamanio_bytes, exitoso, error_mensaje, ejecutado_por_id) FROM stdin;
\.


--
-- Data for Name: bancos_transferenciacuentas; Type: TABLE DATA; Schema: public; Owner: postgres
--

COPY public.bancos_transferenciacuentas (id, numero, monto_origen, monto_destino, tasa_cambio, fecha, notas, estado, cuenta_destino_id, cuenta_origen_id) FROM stdin;
\.


--
-- Data for Name: compras_detallefacturacompra; Type: TABLE DATA; Schema: public; Owner: postgres
--

COPY public.compras_detallefacturacompra (id, cantidad, costo_unitario, subtotal, producto_id, factura_id) FROM stdin;
\.


--
-- Data for Name: compras_facturacompra; Type: TABLE DATA; Schema: public; Owner: postgres
--

COPY public.compras_facturacompra (id, numero, fecha, estado, moneda, tasa_cambio, total, notas, proveedor_id, fecha_vencimiento) FROM stdin;
\.


--
-- Data for Name: compras_gastoservicio; Type: TABLE DATA; Schema: public; Owner: postgres
--

COPY public.compras_gastoservicio (id, numero, categoria_gasto_id, descripcion, monto, moneda, tasa_cambio, monto_usd, estado, cuenta_pago_id, proveedor_id, fecha_emision, fecha_vencimiento) FROM stdin;
\.


--
-- Data for Name: compras_pago; Type: TABLE DATA; Schema: public; Owner: postgres
--

COPY public.compras_pago (id, fecha, monto, medio_pago, referencia, notas, factura_id, cuenta_origen_id, moneda, monto_usd, tasa_cambio) FROM stdin;
\.


--
-- Data for Name: compras_proveedor; Type: TABLE DATA; Schema: public; Owner: postgres
--

COPY public.compras_proveedor (id, nombre, rif, telefono, email, activo) FROM stdin;
\.


--
-- Data for Name: core_auditlog; Type: TABLE DATA; Schema: public; Owner: postgres
--

COPY public.core_auditlog (id, fecha_hora, ip_origen, modulo, accion, entidad, entidad_id, before_data, after_data, usuario_id) FROM stdin;
\.


--
-- Data for Name: core_categoriagasto; Type: TABLE DATA; Schema: public; Owner: postgres
--

COPY public.core_categoriagasto (id, nombre, contexto, activa, padre_id) FROM stdin;
1	Electricidad	FACTURA	t	\N
2	Agua	FACTURA	t	\N
3	Gas	FACTURA	t	\N
4	Mantenimiento	FACTURA	t	\N
5	Transporte	FACTURA	t	\N
6	Honorarios	FACTURA	t	\N
7	Otro	FACTURA	t	\N
\.


--
-- Data for Name: core_configuracionempresa; Type: TABLE DATA; Schema: public; Owner: postgres
--

COPY public.core_configuracionempresa (id, nombre_empresa, rif, direccion, telefono, email, pie_documento, fecha_venta_abierta) FROM stdin;
\.


--
-- Data for Name: core_notificacion; Type: TABLE DATA; Schema: public; Owner: postgres
--

COPY public.core_notificacion (id, tipo, titulo, mensaje, entidad, entidad_id, fecha_referencia, activa, creada_en) FROM stdin;
\.


--
-- Data for Name: core_secuencia; Type: TABLE DATA; Schema: public; Owner: postgres
--

COPY public.core_secuencia (id, tipo_documento, ultimo_numero, prefijo, digitos) FROM stdin;
1	VTA	0	VTA-	4
2	COM	0	COM-	4
3	INV	0	INV-	4
4	PRO	0	PRO-	4
5	TES	0	TES-	4
6	APC	0	APC-	4
7	SOC	0	SOC-	4
\.


--
-- Data for Name: core_tasacambio; Type: TABLE DATA; Schema: public; Owner: postgres
--

COPY public.core_tasacambio (id, fecha, tasa, fuente, creado_en) FROM stdin;
\.


--
-- Data for Name: django_admin_log; Type: TABLE DATA; Schema: public; Owner: postgres
--

COPY public.django_admin_log (id, action_time, object_id, object_repr, action_flag, change_message, content_type_id, user_id) FROM stdin;
\.


--
-- Data for Name: django_content_type; Type: TABLE DATA; Schema: public; Owner: postgres
--

COPY public.django_content_type (id, app_label, model) FROM stdin;
1	admin	logentry
2	auth	group
3	auth	permission
4	auth	user
5	contenttypes	contenttype
6	sessions	session
7	core	auditlog
8	core	categoriagasto
9	core	configuracionempresa
10	core	notificacion
11	core	secuencia
12	core	tasacambio
13	almacen	ajusteinventario
14	almacen	cambioproducto
15	almacen	categoria
16	almacen	movimientoinventario
17	almacen	producto
18	almacen	unidadmedida
19	compras	detallefacturacompra
20	compras	facturacompra
21	compras	gastoservicio
22	compras	pago
23	compras	proveedor
24	ventas	cliente
25	ventas	cobro
26	ventas	detallefacturaventa
27	ventas	detallelista
28	ventas	facturaventa
29	ventas	listaprecio
30	produccion	consumoop
31	produccion	ordenproduccion
32	produccion	receta
33	produccion	recetadetalle
34	produccion	salidaorden
35	bancos	cuentabancaria
36	bancos	movimientocaja
37	bancos	movimientotesoreria
38	bancos	periodoreexpresado
39	bancos	respaldobd
40	bancos	transferenciacuentas
41	reportes	reportelink
42	socios	pagoprestamo
43	socios	prestamoporsocio
44	socios	socio
\.


--
-- Data for Name: django_migrations; Type: TABLE DATA; Schema: public; Owner: postgres
--

COPY public.django_migrations (id, app, name, applied) FROM stdin;
1	contenttypes	0001_initial	2026-03-15 19:42:06.634382-04
2	auth	0001_initial	2026-03-15 19:42:06.767345-04
3	admin	0001_initial	2026-03-15 19:42:06.807477-04
4	admin	0002_logentry_remove_auto_add	2026-03-15 19:42:06.814091-04
5	admin	0003_logentry_add_action_flag_choices	2026-03-15 19:42:06.820947-04
6	almacen	0001_initial	2026-03-15 19:42:06.900542-04
7	almacen	0002_initial_data	2026-03-15 19:42:06.920987-04
8	almacen	0003_alter_categoria_options_alter_producto_categoria_and_more	2026-03-15 19:42:06.959946-04
9	almacen	0004_producto_peso_unitario_kg_producto_precio_venta	2026-03-15 19:42:06.97131-04
10	almacen	0005_producto_es_materia_prima_base_producto_stock_maximo_and_more	2026-03-15 19:42:07.027117-04
11	contenttypes	0002_remove_content_type_name	2026-03-15 19:42:07.036412-04
12	auth	0002_alter_permission_name_max_length	2026-03-15 19:42:07.054255-04
13	auth	0003_alter_user_email_max_length	2026-03-15 19:42:07.063109-04
14	auth	0004_alter_user_username_opts	2026-03-15 19:42:07.069146-04
15	auth	0005_alter_user_last_login_null	2026-03-15 19:42:07.075691-04
16	auth	0006_require_contenttypes_0002	2026-03-15 19:42:07.078271-04
17	auth	0007_alter_validators_add_error_messages	2026-03-15 19:42:07.085457-04
18	auth	0008_alter_user_username_max_length	2026-03-15 19:42:07.102683-04
19	auth	0009_alter_user_last_name_max_length	2026-03-15 19:42:07.110134-04
20	auth	0010_alter_group_name_max_length	2026-03-15 19:42:07.120994-04
21	auth	0011_update_proxy_permissions	2026-03-15 19:42:07.131391-04
22	auth	0012_alter_user_first_name_max_length	2026-03-15 19:42:07.13827-04
23	core	0001_initial	2026-03-15 19:42:07.167537-04
24	core	0002_secuencia	2026-03-15 19:42:07.184572-04
25	core	0003_load_secuencias	2026-03-15 19:42:07.247675-04
26	core	0004_configuracionempresa	2026-03-15 19:42:07.267336-04
27	core	0005_tasacambio_categoriagasto	2026-03-15 19:42:07.297495-04
28	bancos	0001_initial	2026-03-15 19:42:07.39859-04
29	bancos	0002_periodoreexpresado	2026-03-15 19:42:07.438956-04
30	bancos	0003_movimientotesoreria	2026-03-15 19:42:07.489672-04
31	bancos	0004_respaldobd	2026-03-15 19:42:07.532393-04
32	compras	0001_initial	2026-03-15 19:42:07.682925-04
33	compras	0002_pago_cuenta_origen_pago_moneda_pago_monto_usd_and_more	2026-03-15 19:42:07.784006-04
34	compras	0003_facturacompra_fecha_vencimiento_and_more	2026-03-15 19:42:07.807588-04
35	compras	0004_migrate_categories	2026-03-15 19:42:07.842376-04
36	compras	0005_alter_gastoservicio_categoria_gasto	2026-03-15 19:42:07.895005-04
37	compras	0006_alter_facturacompra_numero_and_more	2026-03-15 19:42:07.923127-04
38	core	0006_notificacion	2026-03-15 19:42:07.944369-04
39	core	0007_configuracionempresa_fecha_venta_abierta	2026-03-15 19:42:07.947871-04
40	produccion	0001_initial	2026-03-15 19:42:08.110116-04
41	produccion	0002_consumoop_default_costo_subtotal	2026-03-15 19:42:08.137247-04
42	produccion	0003_check_open_orders	2026-03-15 19:42:08.193234-04
43	produccion	0004_remove_ordenproduccion_cantidad_producida_and_more	2026-03-15 19:42:08.264021-04
44	produccion	0005_ordenproduccion_kg_totales_salida_and_more	2026-03-15 19:42:08.280974-04
45	produccion	0006_alter_salidaorden_orden	2026-03-15 19:42:08.300473-04
46	reportes	0001_initial	2026-03-15 19:42:08.303287-04
47	sessions	0001_initial	2026-03-15 19:42:08.32626-04
48	socios	0001_initial	2026-03-15 19:42:08.337369-04
49	socios	0002_alter_socio_options_alter_socio_activo_and_more	2026-03-15 19:42:08.441049-04
50	ventas	0001_initial	2026-03-15 19:42:08.569667-04
51	ventas	0002_cliente_dias_credito_cliente_tipo_control_credito_and_more	2026-03-15 19:42:08.717351-04
52	ventas	0003_listaprecio_and_more	2026-03-15 19:42:08.815485-04
53	ventas	0004_alter_detallelista_producto	2026-03-15 19:42:08.839903-04
\.


--
-- Data for Name: django_session; Type: TABLE DATA; Schema: public; Owner: postgres
--

COPY public.django_session (session_key, session_data, expire_date) FROM stdin;
\.


--
-- Data for Name: produccion_consumoop; Type: TABLE DATA; Schema: public; Owner: postgres
--

COPY public.produccion_consumoop (id, cantidad_consumida, costo_unitario, subtotal, producto_id, unidad_medida_id, orden_id) FROM stdin;
\.


--
-- Data for Name: produccion_ordenproduccion; Type: TABLE DATA; Schema: public; Owner: postgres
--

COPY public.produccion_ordenproduccion (id, numero, fecha_apertura, fecha_cierre, estado, costo_total, notas, receta_id, kg_totales_salida, rendimiento_real) FROM stdin;
\.


--
-- Data for Name: produccion_receta; Type: TABLE DATA; Schema: public; Owner: postgres
--

COPY public.produccion_receta (id, nombre, rendimiento_esperado, activo, unidad_rendimiento) FROM stdin;
\.


--
-- Data for Name: produccion_recetadetalle; Type: TABLE DATA; Schema: public; Owner: postgres
--

COPY public.produccion_recetadetalle (id, cantidad_base, materia_prima_id, receta_id, unidad_medida_id) FROM stdin;
\.


--
-- Data for Name: produccion_salidaorden; Type: TABLE DATA; Schema: public; Owner: postgres
--

COPY public.produccion_salidaorden (id, cantidad, precio_referencia, es_subproducto, costo_asignado, orden_id, producto_id) FROM stdin;
\.


--
-- Data for Name: socios_pagoprestamo; Type: TABLE DATA; Schema: public; Owner: postgres
--

COPY public.socios_pagoprestamo (id, monto, moneda, tasa_cambio, monto_usd, fecha, notas, cuenta_origen_id, prestamo_id) FROM stdin;
\.


--
-- Data for Name: socios_prestamoporsocio; Type: TABLE DATA; Schema: public; Owner: postgres
--

COPY public.socios_prestamoporsocio (id, numero, monto_principal, moneda, tasa_cambio, monto_usd, fecha_prestamo, fecha_vencimiento, estado, notas, cuenta_destino_id, socio_id) FROM stdin;
\.


--
-- Data for Name: socios_socio; Type: TABLE DATA; Schema: public; Owner: postgres
--

COPY public.socios_socio (id, nombre, rif, telefono, email, activo) FROM stdin;
\.


--
-- Data for Name: ventas_cliente; Type: TABLE DATA; Schema: public; Owner: postgres
--

COPY public.ventas_cliente (id, nombre, rif, telefono, limite_credito, activo, dias_credito, tipo_control_credito) FROM stdin;
\.


--
-- Data for Name: ventas_cobro; Type: TABLE DATA; Schema: public; Owner: postgres
--

COPY public.ventas_cobro (id, fecha, monto, medio_pago, referencia, notas, factura_id, cuenta_destino_id, moneda, monto_usd, tasa_cambio) FROM stdin;
\.


--
-- Data for Name: ventas_detallefacturaventa; Type: TABLE DATA; Schema: public; Owner: postgres
--

COPY public.ventas_detallefacturaventa (id, cantidad, precio_unitario, subtotal, producto_id, factura_id) FROM stdin;
\.


--
-- Data for Name: ventas_detallelista; Type: TABLE DATA; Schema: public; Owner: postgres
--

COPY public.ventas_detallelista (id, precio, aprobado, vigente_desde, aprobado_por_id, producto_id, lista_id) FROM stdin;
\.


--
-- Data for Name: ventas_facturaventa; Type: TABLE DATA; Schema: public; Owner: postgres
--

COPY public.ventas_facturaventa (id, numero, fecha, estado, moneda, tasa_cambio, total, notas, cliente_id, fecha_vencimiento, lista_precio_id) FROM stdin;
\.


--
-- Data for Name: ventas_listaprecio; Type: TABLE DATA; Schema: public; Owner: postgres
--

COPY public.ventas_listaprecio (id, nombre, activa, requiere_aprobacion) FROM stdin;
\.


--
-- Name: almacen_ajusteinventario_id_seq; Type: SEQUENCE SET; Schema: public; Owner: postgres
--

SELECT pg_catalog.setval('public.almacen_ajusteinventario_id_seq', 1, false);


--
-- Name: almacen_cambioproducto_id_seq; Type: SEQUENCE SET; Schema: public; Owner: postgres
--

SELECT pg_catalog.setval('public.almacen_cambioproducto_id_seq', 1, false);


--
-- Name: almacen_categoria_id_seq; Type: SEQUENCE SET; Schema: public; Owner: postgres
--

SELECT pg_catalog.setval('public.almacen_categoria_id_seq', 1, false);


--
-- Name: almacen_movimientoinventario_id_seq; Type: SEQUENCE SET; Schema: public; Owner: postgres
--

SELECT pg_catalog.setval('public.almacen_movimientoinventario_id_seq', 1, false);


--
-- Name: almacen_producto_id_seq; Type: SEQUENCE SET; Schema: public; Owner: postgres
--

SELECT pg_catalog.setval('public.almacen_producto_id_seq', 1, false);


--
-- Name: almacen_unidadmedida_id_seq; Type: SEQUENCE SET; Schema: public; Owner: postgres
--

SELECT pg_catalog.setval('public.almacen_unidadmedida_id_seq', 1, false);


--
-- Name: auth_group_id_seq; Type: SEQUENCE SET; Schema: public; Owner: postgres
--

SELECT pg_catalog.setval('public.auth_group_id_seq', 5, true);


--
-- Name: auth_group_permissions_id_seq; Type: SEQUENCE SET; Schema: public; Owner: postgres
--

SELECT pg_catalog.setval('public.auth_group_permissions_id_seq', 1, false);


--
-- Name: auth_permission_id_seq; Type: SEQUENCE SET; Schema: public; Owner: postgres
--

SELECT pg_catalog.setval('public.auth_permission_id_seq', 176, true);


--
-- Name: auth_user_groups_id_seq; Type: SEQUENCE SET; Schema: public; Owner: postgres
--

SELECT pg_catalog.setval('public.auth_user_groups_id_seq', 1, false);


--
-- Name: auth_user_id_seq; Type: SEQUENCE SET; Schema: public; Owner: postgres
--

SELECT pg_catalog.setval('public.auth_user_id_seq', 1, false);


--
-- Name: auth_user_user_permissions_id_seq; Type: SEQUENCE SET; Schema: public; Owner: postgres
--

SELECT pg_catalog.setval('public.auth_user_user_permissions_id_seq', 1, false);


--
-- Name: bancos_cuentabancaria_id_seq; Type: SEQUENCE SET; Schema: public; Owner: postgres
--

SELECT pg_catalog.setval('public.bancos_cuentabancaria_id_seq', 1, false);


--
-- Name: bancos_movimientocaja_id_seq; Type: SEQUENCE SET; Schema: public; Owner: postgres
--

SELECT pg_catalog.setval('public.bancos_movimientocaja_id_seq', 1, false);


--
-- Name: bancos_movimientotesoreria_id_seq; Type: SEQUENCE SET; Schema: public; Owner: postgres
--

SELECT pg_catalog.setval('public.bancos_movimientotesoreria_id_seq', 1, false);


--
-- Name: bancos_periodoreexpresado_id_seq; Type: SEQUENCE SET; Schema: public; Owner: postgres
--

SELECT pg_catalog.setval('public.bancos_periodoreexpresado_id_seq', 1, false);


--
-- Name: bancos_respaldobd_id_seq; Type: SEQUENCE SET; Schema: public; Owner: postgres
--

SELECT pg_catalog.setval('public.bancos_respaldobd_id_seq', 1, false);


--
-- Name: bancos_transferenciacuentas_id_seq; Type: SEQUENCE SET; Schema: public; Owner: postgres
--

SELECT pg_catalog.setval('public.bancos_transferenciacuentas_id_seq', 1, false);


--
-- Name: compras_detallefacturacompra_id_seq; Type: SEQUENCE SET; Schema: public; Owner: postgres
--

SELECT pg_catalog.setval('public.compras_detallefacturacompra_id_seq', 1, false);


--
-- Name: compras_facturacompra_id_seq; Type: SEQUENCE SET; Schema: public; Owner: postgres
--

SELECT pg_catalog.setval('public.compras_facturacompra_id_seq', 1, false);


--
-- Name: compras_gastoservicio_id_seq; Type: SEQUENCE SET; Schema: public; Owner: postgres
--

SELECT pg_catalog.setval('public.compras_gastoservicio_id_seq', 1, false);


--
-- Name: compras_pago_id_seq; Type: SEQUENCE SET; Schema: public; Owner: postgres
--

SELECT pg_catalog.setval('public.compras_pago_id_seq', 1, false);


--
-- Name: compras_proveedor_id_seq; Type: SEQUENCE SET; Schema: public; Owner: postgres
--

SELECT pg_catalog.setval('public.compras_proveedor_id_seq', 1, false);


--
-- Name: core_auditlog_id_seq; Type: SEQUENCE SET; Schema: public; Owner: postgres
--

SELECT pg_catalog.setval('public.core_auditlog_id_seq', 1, false);


--
-- Name: core_categoriagasto_id_seq; Type: SEQUENCE SET; Schema: public; Owner: postgres
--

SELECT pg_catalog.setval('public.core_categoriagasto_id_seq', 7, true);


--
-- Name: core_configuracionempresa_id_seq; Type: SEQUENCE SET; Schema: public; Owner: postgres
--

SELECT pg_catalog.setval('public.core_configuracionempresa_id_seq', 1, false);


--
-- Name: core_notificacion_id_seq; Type: SEQUENCE SET; Schema: public; Owner: postgres
--

SELECT pg_catalog.setval('public.core_notificacion_id_seq', 1, false);


--
-- Name: core_secuencia_id_seq; Type: SEQUENCE SET; Schema: public; Owner: postgres
--

SELECT pg_catalog.setval('public.core_secuencia_id_seq', 7, true);


--
-- Name: core_tasacambio_id_seq; Type: SEQUENCE SET; Schema: public; Owner: postgres
--

SELECT pg_catalog.setval('public.core_tasacambio_id_seq', 1, false);


--
-- Name: django_admin_log_id_seq; Type: SEQUENCE SET; Schema: public; Owner: postgres
--

SELECT pg_catalog.setval('public.django_admin_log_id_seq', 1, false);


--
-- Name: django_content_type_id_seq; Type: SEQUENCE SET; Schema: public; Owner: postgres
--

SELECT pg_catalog.setval('public.django_content_type_id_seq', 44, true);


--
-- Name: django_migrations_id_seq; Type: SEQUENCE SET; Schema: public; Owner: postgres
--

SELECT pg_catalog.setval('public.django_migrations_id_seq', 53, true);


--
-- Name: produccion_consumoop_id_seq; Type: SEQUENCE SET; Schema: public; Owner: postgres
--

SELECT pg_catalog.setval('public.produccion_consumoop_id_seq', 1, false);


--
-- Name: produccion_ordenproduccion_id_seq; Type: SEQUENCE SET; Schema: public; Owner: postgres
--

SELECT pg_catalog.setval('public.produccion_ordenproduccion_id_seq', 1, false);


--
-- Name: produccion_receta_id_seq; Type: SEQUENCE SET; Schema: public; Owner: postgres
--

SELECT pg_catalog.setval('public.produccion_receta_id_seq', 1, false);


--
-- Name: produccion_recetadetalle_id_seq; Type: SEQUENCE SET; Schema: public; Owner: postgres
--

SELECT pg_catalog.setval('public.produccion_recetadetalle_id_seq', 1, false);


--
-- Name: produccion_salidaorden_id_seq; Type: SEQUENCE SET; Schema: public; Owner: postgres
--

SELECT pg_catalog.setval('public.produccion_salidaorden_id_seq', 1, false);


--
-- Name: socios_pagoprestamo_id_seq; Type: SEQUENCE SET; Schema: public; Owner: postgres
--

SELECT pg_catalog.setval('public.socios_pagoprestamo_id_seq', 1, false);


--
-- Name: socios_prestamoporsocio_id_seq; Type: SEQUENCE SET; Schema: public; Owner: postgres
--

SELECT pg_catalog.setval('public.socios_prestamoporsocio_id_seq', 1, false);


--
-- Name: socios_socio_id_seq; Type: SEQUENCE SET; Schema: public; Owner: postgres
--

SELECT pg_catalog.setval('public.socios_socio_id_seq', 1, false);


--
-- Name: ventas_cliente_id_seq; Type: SEQUENCE SET; Schema: public; Owner: postgres
--

SELECT pg_catalog.setval('public.ventas_cliente_id_seq', 1, false);


--
-- Name: ventas_cobro_id_seq; Type: SEQUENCE SET; Schema: public; Owner: postgres
--

SELECT pg_catalog.setval('public.ventas_cobro_id_seq', 1, false);


--
-- Name: ventas_detallefacturaventa_id_seq; Type: SEQUENCE SET; Schema: public; Owner: postgres
--

SELECT pg_catalog.setval('public.ventas_detallefacturaventa_id_seq', 1, false);


--
-- Name: ventas_detallelista_id_seq; Type: SEQUENCE SET; Schema: public; Owner: postgres
--

SELECT pg_catalog.setval('public.ventas_detallelista_id_seq', 1, false);


--
-- Name: ventas_facturaventa_id_seq; Type: SEQUENCE SET; Schema: public; Owner: postgres
--

SELECT pg_catalog.setval('public.ventas_facturaventa_id_seq', 1, false);


--
-- Name: ventas_listaprecio_id_seq; Type: SEQUENCE SET; Schema: public; Owner: postgres
--

SELECT pg_catalog.setval('public.ventas_listaprecio_id_seq', 1, false);


--
-- Name: almacen_ajusteinventario almacen_ajusteinventario_numero_key; Type: CONSTRAINT; Schema: public; Owner: postgres
--

ALTER TABLE ONLY public.almacen_ajusteinventario
    ADD CONSTRAINT almacen_ajusteinventario_numero_key UNIQUE (numero);


--
-- Name: almacen_ajusteinventario almacen_ajusteinventario_pkey; Type: CONSTRAINT; Schema: public; Owner: postgres
--

ALTER TABLE ONLY public.almacen_ajusteinventario
    ADD CONSTRAINT almacen_ajusteinventario_pkey PRIMARY KEY (id);


--
-- Name: almacen_cambioproducto almacen_cambioproducto_pkey; Type: CONSTRAINT; Schema: public; Owner: postgres
--

ALTER TABLE ONLY public.almacen_cambioproducto
    ADD CONSTRAINT almacen_cambioproducto_pkey PRIMARY KEY (id);


--
-- Name: almacen_categoria almacen_categoria_pkey; Type: CONSTRAINT; Schema: public; Owner: postgres
--

ALTER TABLE ONLY public.almacen_categoria
    ADD CONSTRAINT almacen_categoria_pkey PRIMARY KEY (id);


--
-- Name: almacen_movimientoinventario almacen_movimientoinventario_pkey; Type: CONSTRAINT; Schema: public; Owner: postgres
--

ALTER TABLE ONLY public.almacen_movimientoinventario
    ADD CONSTRAINT almacen_movimientoinventario_pkey PRIMARY KEY (id);


--
-- Name: almacen_producto almacen_producto_codigo_key; Type: CONSTRAINT; Schema: public; Owner: postgres
--

ALTER TABLE ONLY public.almacen_producto
    ADD CONSTRAINT almacen_producto_codigo_key UNIQUE (codigo);


--
-- Name: almacen_producto almacen_producto_pkey; Type: CONSTRAINT; Schema: public; Owner: postgres
--

ALTER TABLE ONLY public.almacen_producto
    ADD CONSTRAINT almacen_producto_pkey PRIMARY KEY (id);


--
-- Name: almacen_unidadmedida almacen_unidadmedida_nombre_key; Type: CONSTRAINT; Schema: public; Owner: postgres
--

ALTER TABLE ONLY public.almacen_unidadmedida
    ADD CONSTRAINT almacen_unidadmedida_nombre_key UNIQUE (nombre);


--
-- Name: almacen_unidadmedida almacen_unidadmedida_pkey; Type: CONSTRAINT; Schema: public; Owner: postgres
--

ALTER TABLE ONLY public.almacen_unidadmedida
    ADD CONSTRAINT almacen_unidadmedida_pkey PRIMARY KEY (id);


--
-- Name: almacen_unidadmedida almacen_unidadmedida_simbolo_key; Type: CONSTRAINT; Schema: public; Owner: postgres
--

ALTER TABLE ONLY public.almacen_unidadmedida
    ADD CONSTRAINT almacen_unidadmedida_simbolo_key UNIQUE (simbolo);


--
-- Name: auth_group auth_group_name_key; Type: CONSTRAINT; Schema: public; Owner: postgres
--

ALTER TABLE ONLY public.auth_group
    ADD CONSTRAINT auth_group_name_key UNIQUE (name);


--
-- Name: auth_group_permissions auth_group_permissions_group_id_permission_id_0cd325b0_uniq; Type: CONSTRAINT; Schema: public; Owner: postgres
--

ALTER TABLE ONLY public.auth_group_permissions
    ADD CONSTRAINT auth_group_permissions_group_id_permission_id_0cd325b0_uniq UNIQUE (group_id, permission_id);


--
-- Name: auth_group_permissions auth_group_permissions_pkey; Type: CONSTRAINT; Schema: public; Owner: postgres
--

ALTER TABLE ONLY public.auth_group_permissions
    ADD CONSTRAINT auth_group_permissions_pkey PRIMARY KEY (id);


--
-- Name: auth_group auth_group_pkey; Type: CONSTRAINT; Schema: public; Owner: postgres
--

ALTER TABLE ONLY public.auth_group
    ADD CONSTRAINT auth_group_pkey PRIMARY KEY (id);


--
-- Name: auth_permission auth_permission_content_type_id_codename_01ab375a_uniq; Type: CONSTRAINT; Schema: public; Owner: postgres
--

ALTER TABLE ONLY public.auth_permission
    ADD CONSTRAINT auth_permission_content_type_id_codename_01ab375a_uniq UNIQUE (content_type_id, codename);


--
-- Name: auth_permission auth_permission_pkey; Type: CONSTRAINT; Schema: public; Owner: postgres
--

ALTER TABLE ONLY public.auth_permission
    ADD CONSTRAINT auth_permission_pkey PRIMARY KEY (id);


--
-- Name: auth_user_groups auth_user_groups_pkey; Type: CONSTRAINT; Schema: public; Owner: postgres
--

ALTER TABLE ONLY public.auth_user_groups
    ADD CONSTRAINT auth_user_groups_pkey PRIMARY KEY (id);


--
-- Name: auth_user_groups auth_user_groups_user_id_group_id_94350c0c_uniq; Type: CONSTRAINT; Schema: public; Owner: postgres
--

ALTER TABLE ONLY public.auth_user_groups
    ADD CONSTRAINT auth_user_groups_user_id_group_id_94350c0c_uniq UNIQUE (user_id, group_id);


--
-- Name: auth_user auth_user_pkey; Type: CONSTRAINT; Schema: public; Owner: postgres
--

ALTER TABLE ONLY public.auth_user
    ADD CONSTRAINT auth_user_pkey PRIMARY KEY (id);


--
-- Name: auth_user_user_permissions auth_user_user_permissions_pkey; Type: CONSTRAINT; Schema: public; Owner: postgres
--

ALTER TABLE ONLY public.auth_user_user_permissions
    ADD CONSTRAINT auth_user_user_permissions_pkey PRIMARY KEY (id);


--
-- Name: auth_user_user_permissions auth_user_user_permissions_user_id_permission_id_14a6b632_uniq; Type: CONSTRAINT; Schema: public; Owner: postgres
--

ALTER TABLE ONLY public.auth_user_user_permissions
    ADD CONSTRAINT auth_user_user_permissions_user_id_permission_id_14a6b632_uniq UNIQUE (user_id, permission_id);


--
-- Name: auth_user auth_user_username_key; Type: CONSTRAINT; Schema: public; Owner: postgres
--

ALTER TABLE ONLY public.auth_user
    ADD CONSTRAINT auth_user_username_key UNIQUE (username);


--
-- Name: bancos_cuentabancaria bancos_cuentabancaria_pkey; Type: CONSTRAINT; Schema: public; Owner: postgres
--

ALTER TABLE ONLY public.bancos_cuentabancaria
    ADD CONSTRAINT bancos_cuentabancaria_pkey PRIMARY KEY (id);


--
-- Name: bancos_movimientocaja bancos_movimientocaja_pkey; Type: CONSTRAINT; Schema: public; Owner: postgres
--

ALTER TABLE ONLY public.bancos_movimientocaja
    ADD CONSTRAINT bancos_movimientocaja_pkey PRIMARY KEY (id);


--
-- Name: bancos_movimientotesoreria bancos_movimientotesoreria_numero_key; Type: CONSTRAINT; Schema: public; Owner: postgres
--

ALTER TABLE ONLY public.bancos_movimientotesoreria
    ADD CONSTRAINT bancos_movimientotesoreria_numero_key UNIQUE (numero);


--
-- Name: bancos_movimientotesoreria bancos_movimientotesoreria_pkey; Type: CONSTRAINT; Schema: public; Owner: postgres
--

ALTER TABLE ONLY public.bancos_movimientotesoreria
    ADD CONSTRAINT bancos_movimientotesoreria_pkey PRIMARY KEY (id);


--
-- Name: bancos_periodoreexpresado bancos_periodoreexpresado_anio_mes_b1f23061_uniq; Type: CONSTRAINT; Schema: public; Owner: postgres
--

ALTER TABLE ONLY public.bancos_periodoreexpresado
    ADD CONSTRAINT bancos_periodoreexpresado_anio_mes_b1f23061_uniq UNIQUE (anio, mes);


--
-- Name: bancos_periodoreexpresado bancos_periodoreexpresado_pkey; Type: CONSTRAINT; Schema: public; Owner: postgres
--

ALTER TABLE ONLY public.bancos_periodoreexpresado
    ADD CONSTRAINT bancos_periodoreexpresado_pkey PRIMARY KEY (id);


--
-- Name: bancos_respaldobd bancos_respaldobd_pkey; Type: CONSTRAINT; Schema: public; Owner: postgres
--

ALTER TABLE ONLY public.bancos_respaldobd
    ADD CONSTRAINT bancos_respaldobd_pkey PRIMARY KEY (id);


--
-- Name: bancos_transferenciacuentas bancos_transferenciacuentas_numero_key; Type: CONSTRAINT; Schema: public; Owner: postgres
--

ALTER TABLE ONLY public.bancos_transferenciacuentas
    ADD CONSTRAINT bancos_transferenciacuentas_numero_key UNIQUE (numero);


--
-- Name: bancos_transferenciacuentas bancos_transferenciacuentas_pkey; Type: CONSTRAINT; Schema: public; Owner: postgres
--

ALTER TABLE ONLY public.bancos_transferenciacuentas
    ADD CONSTRAINT bancos_transferenciacuentas_pkey PRIMARY KEY (id);


--
-- Name: compras_detallefacturacompra compras_detallefacturacompra_pkey; Type: CONSTRAINT; Schema: public; Owner: postgres
--

ALTER TABLE ONLY public.compras_detallefacturacompra
    ADD CONSTRAINT compras_detallefacturacompra_pkey PRIMARY KEY (id);


--
-- Name: compras_facturacompra compras_facturacompra_pkey; Type: CONSTRAINT; Schema: public; Owner: postgres
--

ALTER TABLE ONLY public.compras_facturacompra
    ADD CONSTRAINT compras_facturacompra_pkey PRIMARY KEY (id);


--
-- Name: compras_facturacompra compras_facturacompra_proveedor_id_numero_f456195c_uniq; Type: CONSTRAINT; Schema: public; Owner: postgres
--

ALTER TABLE ONLY public.compras_facturacompra
    ADD CONSTRAINT compras_facturacompra_proveedor_id_numero_f456195c_uniq UNIQUE (proveedor_id, numero);


--
-- Name: compras_gastoservicio compras_gastoservicio_numero_key; Type: CONSTRAINT; Schema: public; Owner: postgres
--

ALTER TABLE ONLY public.compras_gastoservicio
    ADD CONSTRAINT compras_gastoservicio_numero_key UNIQUE (numero);


--
-- Name: compras_gastoservicio compras_gastoservicio_pkey; Type: CONSTRAINT; Schema: public; Owner: postgres
--

ALTER TABLE ONLY public.compras_gastoservicio
    ADD CONSTRAINT compras_gastoservicio_pkey PRIMARY KEY (id);


--
-- Name: compras_pago compras_pago_pkey; Type: CONSTRAINT; Schema: public; Owner: postgres
--

ALTER TABLE ONLY public.compras_pago
    ADD CONSTRAINT compras_pago_pkey PRIMARY KEY (id);


--
-- Name: compras_proveedor compras_proveedor_pkey; Type: CONSTRAINT; Schema: public; Owner: postgres
--

ALTER TABLE ONLY public.compras_proveedor
    ADD CONSTRAINT compras_proveedor_pkey PRIMARY KEY (id);


--
-- Name: compras_proveedor compras_proveedor_rif_key; Type: CONSTRAINT; Schema: public; Owner: postgres
--

ALTER TABLE ONLY public.compras_proveedor
    ADD CONSTRAINT compras_proveedor_rif_key UNIQUE (rif);


--
-- Name: core_auditlog core_auditlog_pkey; Type: CONSTRAINT; Schema: public; Owner: postgres
--

ALTER TABLE ONLY public.core_auditlog
    ADD CONSTRAINT core_auditlog_pkey PRIMARY KEY (id);


--
-- Name: core_categoriagasto core_categoriagasto_nombre_contexto_988c8e61_uniq; Type: CONSTRAINT; Schema: public; Owner: postgres
--

ALTER TABLE ONLY public.core_categoriagasto
    ADD CONSTRAINT core_categoriagasto_nombre_contexto_988c8e61_uniq UNIQUE (nombre, contexto);


--
-- Name: core_categoriagasto core_categoriagasto_pkey; Type: CONSTRAINT; Schema: public; Owner: postgres
--

ALTER TABLE ONLY public.core_categoriagasto
    ADD CONSTRAINT core_categoriagasto_pkey PRIMARY KEY (id);


--
-- Name: core_configuracionempresa core_configuracionempresa_pkey; Type: CONSTRAINT; Schema: public; Owner: postgres
--

ALTER TABLE ONLY public.core_configuracionempresa
    ADD CONSTRAINT core_configuracionempresa_pkey PRIMARY KEY (id);


--
-- Name: core_notificacion core_notificacion_pkey; Type: CONSTRAINT; Schema: public; Owner: postgres
--

ALTER TABLE ONLY public.core_notificacion
    ADD CONSTRAINT core_notificacion_pkey PRIMARY KEY (id);


--
-- Name: core_notificacion core_notificacion_tipo_entidad_entidad_id_63489463_uniq; Type: CONSTRAINT; Schema: public; Owner: postgres
--

ALTER TABLE ONLY public.core_notificacion
    ADD CONSTRAINT core_notificacion_tipo_entidad_entidad_id_63489463_uniq UNIQUE (tipo, entidad, entidad_id);


--
-- Name: core_secuencia core_secuencia_pkey; Type: CONSTRAINT; Schema: public; Owner: postgres
--

ALTER TABLE ONLY public.core_secuencia
    ADD CONSTRAINT core_secuencia_pkey PRIMARY KEY (id);


--
-- Name: core_secuencia core_secuencia_tipo_documento_key; Type: CONSTRAINT; Schema: public; Owner: postgres
--

ALTER TABLE ONLY public.core_secuencia
    ADD CONSTRAINT core_secuencia_tipo_documento_key UNIQUE (tipo_documento);


--
-- Name: core_tasacambio core_tasacambio_fecha_key; Type: CONSTRAINT; Schema: public; Owner: postgres
--

ALTER TABLE ONLY public.core_tasacambio
    ADD CONSTRAINT core_tasacambio_fecha_key UNIQUE (fecha);


--
-- Name: core_tasacambio core_tasacambio_pkey; Type: CONSTRAINT; Schema: public; Owner: postgres
--

ALTER TABLE ONLY public.core_tasacambio
    ADD CONSTRAINT core_tasacambio_pkey PRIMARY KEY (id);


--
-- Name: django_admin_log django_admin_log_pkey; Type: CONSTRAINT; Schema: public; Owner: postgres
--

ALTER TABLE ONLY public.django_admin_log
    ADD CONSTRAINT django_admin_log_pkey PRIMARY KEY (id);


--
-- Name: django_content_type django_content_type_app_label_model_76bd3d3b_uniq; Type: CONSTRAINT; Schema: public; Owner: postgres
--

ALTER TABLE ONLY public.django_content_type
    ADD CONSTRAINT django_content_type_app_label_model_76bd3d3b_uniq UNIQUE (app_label, model);


--
-- Name: django_content_type django_content_type_pkey; Type: CONSTRAINT; Schema: public; Owner: postgres
--

ALTER TABLE ONLY public.django_content_type
    ADD CONSTRAINT django_content_type_pkey PRIMARY KEY (id);


--
-- Name: django_migrations django_migrations_pkey; Type: CONSTRAINT; Schema: public; Owner: postgres
--

ALTER TABLE ONLY public.django_migrations
    ADD CONSTRAINT django_migrations_pkey PRIMARY KEY (id);


--
-- Name: django_session django_session_pkey; Type: CONSTRAINT; Schema: public; Owner: postgres
--

ALTER TABLE ONLY public.django_session
    ADD CONSTRAINT django_session_pkey PRIMARY KEY (session_key);


--
-- Name: produccion_consumoop produccion_consumoop_pkey; Type: CONSTRAINT; Schema: public; Owner: postgres
--

ALTER TABLE ONLY public.produccion_consumoop
    ADD CONSTRAINT produccion_consumoop_pkey PRIMARY KEY (id);


--
-- Name: produccion_ordenproduccion produccion_ordenproduccion_numero_key; Type: CONSTRAINT; Schema: public; Owner: postgres
--

ALTER TABLE ONLY public.produccion_ordenproduccion
    ADD CONSTRAINT produccion_ordenproduccion_numero_key UNIQUE (numero);


--
-- Name: produccion_ordenproduccion produccion_ordenproduccion_pkey; Type: CONSTRAINT; Schema: public; Owner: postgres
--

ALTER TABLE ONLY public.produccion_ordenproduccion
    ADD CONSTRAINT produccion_ordenproduccion_pkey PRIMARY KEY (id);


--
-- Name: produccion_receta produccion_receta_pkey; Type: CONSTRAINT; Schema: public; Owner: postgres
--

ALTER TABLE ONLY public.produccion_receta
    ADD CONSTRAINT produccion_receta_pkey PRIMARY KEY (id);


--
-- Name: produccion_recetadetalle produccion_recetadetalle_pkey; Type: CONSTRAINT; Schema: public; Owner: postgres
--

ALTER TABLE ONLY public.produccion_recetadetalle
    ADD CONSTRAINT produccion_recetadetalle_pkey PRIMARY KEY (id);


--
-- Name: produccion_salidaorden produccion_salidaorden_pkey; Type: CONSTRAINT; Schema: public; Owner: postgres
--

ALTER TABLE ONLY public.produccion_salidaorden
    ADD CONSTRAINT produccion_salidaorden_pkey PRIMARY KEY (id);


--
-- Name: socios_pagoprestamo socios_pagoprestamo_pkey; Type: CONSTRAINT; Schema: public; Owner: postgres
--

ALTER TABLE ONLY public.socios_pagoprestamo
    ADD CONSTRAINT socios_pagoprestamo_pkey PRIMARY KEY (id);


--
-- Name: socios_prestamoporsocio socios_prestamoporsocio_numero_key; Type: CONSTRAINT; Schema: public; Owner: postgres
--

ALTER TABLE ONLY public.socios_prestamoporsocio
    ADD CONSTRAINT socios_prestamoporsocio_numero_key UNIQUE (numero);


--
-- Name: socios_prestamoporsocio socios_prestamoporsocio_pkey; Type: CONSTRAINT; Schema: public; Owner: postgres
--

ALTER TABLE ONLY public.socios_prestamoporsocio
    ADD CONSTRAINT socios_prestamoporsocio_pkey PRIMARY KEY (id);


--
-- Name: socios_socio socios_socio_pkey; Type: CONSTRAINT; Schema: public; Owner: postgres
--

ALTER TABLE ONLY public.socios_socio
    ADD CONSTRAINT socios_socio_pkey PRIMARY KEY (id);


--
-- Name: ventas_cliente ventas_cliente_pkey; Type: CONSTRAINT; Schema: public; Owner: postgres
--

ALTER TABLE ONLY public.ventas_cliente
    ADD CONSTRAINT ventas_cliente_pkey PRIMARY KEY (id);


--
-- Name: ventas_cliente ventas_cliente_rif_key; Type: CONSTRAINT; Schema: public; Owner: postgres
--

ALTER TABLE ONLY public.ventas_cliente
    ADD CONSTRAINT ventas_cliente_rif_key UNIQUE (rif);


--
-- Name: ventas_cobro ventas_cobro_pkey; Type: CONSTRAINT; Schema: public; Owner: postgres
--

ALTER TABLE ONLY public.ventas_cobro
    ADD CONSTRAINT ventas_cobro_pkey PRIMARY KEY (id);


--
-- Name: ventas_detallefacturaventa ventas_detallefacturaventa_pkey; Type: CONSTRAINT; Schema: public; Owner: postgres
--

ALTER TABLE ONLY public.ventas_detallefacturaventa
    ADD CONSTRAINT ventas_detallefacturaventa_pkey PRIMARY KEY (id);


--
-- Name: ventas_detallelista ventas_detallelista_lista_id_producto_id_928253a1_uniq; Type: CONSTRAINT; Schema: public; Owner: postgres
--

ALTER TABLE ONLY public.ventas_detallelista
    ADD CONSTRAINT ventas_detallelista_lista_id_producto_id_928253a1_uniq UNIQUE (lista_id, producto_id);


--
-- Name: ventas_detallelista ventas_detallelista_pkey; Type: CONSTRAINT; Schema: public; Owner: postgres
--

ALTER TABLE ONLY public.ventas_detallelista
    ADD CONSTRAINT ventas_detallelista_pkey PRIMARY KEY (id);


--
-- Name: ventas_facturaventa ventas_facturaventa_numero_key; Type: CONSTRAINT; Schema: public; Owner: postgres
--

ALTER TABLE ONLY public.ventas_facturaventa
    ADD CONSTRAINT ventas_facturaventa_numero_key UNIQUE (numero);


--
-- Name: ventas_facturaventa ventas_facturaventa_pkey; Type: CONSTRAINT; Schema: public; Owner: postgres
--

ALTER TABLE ONLY public.ventas_facturaventa
    ADD CONSTRAINT ventas_facturaventa_pkey PRIMARY KEY (id);


--
-- Name: ventas_listaprecio ventas_listaprecio_pkey; Type: CONSTRAINT; Schema: public; Owner: postgres
--

ALTER TABLE ONLY public.ventas_listaprecio
    ADD CONSTRAINT ventas_listaprecio_pkey PRIMARY KEY (id);


--
-- Name: almacen_ajusteinventario_numero_078f17a6_like; Type: INDEX; Schema: public; Owner: postgres
--

CREATE INDEX almacen_ajusteinventario_numero_078f17a6_like ON public.almacen_ajusteinventario USING btree (numero varchar_pattern_ops);


--
-- Name: almacen_ajusteinventario_producto_id_589f5377; Type: INDEX; Schema: public; Owner: postgres
--

CREATE INDEX almacen_ajusteinventario_producto_id_589f5377 ON public.almacen_ajusteinventario USING btree (producto_id);


--
-- Name: almacen_cambioproducto_aprobado_por_id_af393e86; Type: INDEX; Schema: public; Owner: postgres
--

CREATE INDEX almacen_cambioproducto_aprobado_por_id_af393e86 ON public.almacen_cambioproducto USING btree (aprobado_por_id);


--
-- Name: almacen_cambioproducto_producto_id_1c5cd41e; Type: INDEX; Schema: public; Owner: postgres
--

CREATE INDEX almacen_cambioproducto_producto_id_1c5cd41e ON public.almacen_cambioproducto USING btree (producto_id);


--
-- Name: almacen_cambioproducto_propuesto_por_id_30576e5b; Type: INDEX; Schema: public; Owner: postgres
--

CREATE INDEX almacen_cambioproducto_propuesto_por_id_30576e5b ON public.almacen_cambioproducto USING btree (propuesto_por_id);


--
-- Name: almacen_movimientoinventario_producto_id_8cbfa1f9; Type: INDEX; Schema: public; Owner: postgres
--

CREATE INDEX almacen_movimientoinventario_producto_id_8cbfa1f9 ON public.almacen_movimientoinventario USING btree (producto_id);


--
-- Name: almacen_producto_categoria_id_d5f8930c; Type: INDEX; Schema: public; Owner: postgres
--

CREATE INDEX almacen_producto_categoria_id_d5f8930c ON public.almacen_producto USING btree (categoria_id);


--
-- Name: almacen_producto_codigo_b3058394_like; Type: INDEX; Schema: public; Owner: postgres
--

CREATE INDEX almacen_producto_codigo_b3058394_like ON public.almacen_producto USING btree (codigo varchar_pattern_ops);


--
-- Name: almacen_producto_unidad_medida_id_303347b7; Type: INDEX; Schema: public; Owner: postgres
--

CREATE INDEX almacen_producto_unidad_medida_id_303347b7 ON public.almacen_producto USING btree (unidad_medida_id);


--
-- Name: almacen_unidadmedida_nombre_dc2fd7bc_like; Type: INDEX; Schema: public; Owner: postgres
--

CREATE INDEX almacen_unidadmedida_nombre_dc2fd7bc_like ON public.almacen_unidadmedida USING btree (nombre varchar_pattern_ops);


--
-- Name: almacen_unidadmedida_simbolo_71a12522_like; Type: INDEX; Schema: public; Owner: postgres
--

CREATE INDEX almacen_unidadmedida_simbolo_71a12522_like ON public.almacen_unidadmedida USING btree (simbolo varchar_pattern_ops);


--
-- Name: auth_group_name_a6ea08ec_like; Type: INDEX; Schema: public; Owner: postgres
--

CREATE INDEX auth_group_name_a6ea08ec_like ON public.auth_group USING btree (name varchar_pattern_ops);


--
-- Name: auth_group_permissions_group_id_b120cbf9; Type: INDEX; Schema: public; Owner: postgres
--

CREATE INDEX auth_group_permissions_group_id_b120cbf9 ON public.auth_group_permissions USING btree (group_id);


--
-- Name: auth_group_permissions_permission_id_84c5c92e; Type: INDEX; Schema: public; Owner: postgres
--

CREATE INDEX auth_group_permissions_permission_id_84c5c92e ON public.auth_group_permissions USING btree (permission_id);


--
-- Name: auth_permission_content_type_id_2f476e4b; Type: INDEX; Schema: public; Owner: postgres
--

CREATE INDEX auth_permission_content_type_id_2f476e4b ON public.auth_permission USING btree (content_type_id);


--
-- Name: auth_user_groups_group_id_97559544; Type: INDEX; Schema: public; Owner: postgres
--

CREATE INDEX auth_user_groups_group_id_97559544 ON public.auth_user_groups USING btree (group_id);


--
-- Name: auth_user_groups_user_id_6a12ed8b; Type: INDEX; Schema: public; Owner: postgres
--

CREATE INDEX auth_user_groups_user_id_6a12ed8b ON public.auth_user_groups USING btree (user_id);


--
-- Name: auth_user_user_permissions_permission_id_1fbb5f2c; Type: INDEX; Schema: public; Owner: postgres
--

CREATE INDEX auth_user_user_permissions_permission_id_1fbb5f2c ON public.auth_user_user_permissions USING btree (permission_id);


--
-- Name: auth_user_user_permissions_user_id_a95ead1b; Type: INDEX; Schema: public; Owner: postgres
--

CREATE INDEX auth_user_user_permissions_user_id_a95ead1b ON public.auth_user_user_permissions USING btree (user_id);


--
-- Name: auth_user_username_6821ab7c_like; Type: INDEX; Schema: public; Owner: postgres
--

CREATE INDEX auth_user_username_6821ab7c_like ON public.auth_user USING btree (username varchar_pattern_ops);


--
-- Name: bancos_movimientocaja_cuenta_id_f6f93462; Type: INDEX; Schema: public; Owner: postgres
--

CREATE INDEX bancos_movimientocaja_cuenta_id_f6f93462 ON public.bancos_movimientocaja USING btree (cuenta_id);


--
-- Name: bancos_movimientotesoreria_categoria_id_41336f8a; Type: INDEX; Schema: public; Owner: postgres
--

CREATE INDEX bancos_movimientotesoreria_categoria_id_41336f8a ON public.bancos_movimientotesoreria USING btree (categoria_id);


--
-- Name: bancos_movimientotesoreria_cuenta_id_3895687b; Type: INDEX; Schema: public; Owner: postgres
--

CREATE INDEX bancos_movimientotesoreria_cuenta_id_3895687b ON public.bancos_movimientotesoreria USING btree (cuenta_id);


--
-- Name: bancos_movimientotesoreria_numero_bdde1659_like; Type: INDEX; Schema: public; Owner: postgres
--

CREATE INDEX bancos_movimientotesoreria_numero_bdde1659_like ON public.bancos_movimientotesoreria USING btree (numero varchar_pattern_ops);


--
-- Name: bancos_movimientotesoreria_registrado_por_id_9ad6e27b; Type: INDEX; Schema: public; Owner: postgres
--

CREATE INDEX bancos_movimientotesoreria_registrado_por_id_9ad6e27b ON public.bancos_movimientotesoreria USING btree (registrado_por_id);


--
-- Name: bancos_periodoreexpresado_ejecutado_por_id_cad37766; Type: INDEX; Schema: public; Owner: postgres
--

CREATE INDEX bancos_periodoreexpresado_ejecutado_por_id_cad37766 ON public.bancos_periodoreexpresado USING btree (ejecutado_por_id);


--
-- Name: bancos_respaldobd_ejecutado_por_id_cb5a2696; Type: INDEX; Schema: public; Owner: postgres
--

CREATE INDEX bancos_respaldobd_ejecutado_por_id_cb5a2696 ON public.bancos_respaldobd USING btree (ejecutado_por_id);


--
-- Name: bancos_transferenciacuentas_cuenta_destino_id_e244b5dc; Type: INDEX; Schema: public; Owner: postgres
--

CREATE INDEX bancos_transferenciacuentas_cuenta_destino_id_e244b5dc ON public.bancos_transferenciacuentas USING btree (cuenta_destino_id);


--
-- Name: bancos_transferenciacuentas_cuenta_origen_id_1a51d9f8; Type: INDEX; Schema: public; Owner: postgres
--

CREATE INDEX bancos_transferenciacuentas_cuenta_origen_id_1a51d9f8 ON public.bancos_transferenciacuentas USING btree (cuenta_origen_id);


--
-- Name: bancos_transferenciacuentas_numero_09ed7ddc_like; Type: INDEX; Schema: public; Owner: postgres
--

CREATE INDEX bancos_transferenciacuentas_numero_09ed7ddc_like ON public.bancos_transferenciacuentas USING btree (numero varchar_pattern_ops);


--
-- Name: compras_detallefacturacompra_factura_id_540db923; Type: INDEX; Schema: public; Owner: postgres
--

CREATE INDEX compras_detallefacturacompra_factura_id_540db923 ON public.compras_detallefacturacompra USING btree (factura_id);


--
-- Name: compras_detallefacturacompra_producto_id_3900ecc4; Type: INDEX; Schema: public; Owner: postgres
--

CREATE INDEX compras_detallefacturacompra_producto_id_3900ecc4 ON public.compras_detallefacturacompra USING btree (producto_id);


--
-- Name: compras_facturacompra_proveedor_id_5cafee2d; Type: INDEX; Schema: public; Owner: postgres
--

CREATE INDEX compras_facturacompra_proveedor_id_5cafee2d ON public.compras_facturacompra USING btree (proveedor_id);


--
-- Name: compras_gastoservicio_categoria_gasto_id_82f9bb23; Type: INDEX; Schema: public; Owner: postgres
--

CREATE INDEX compras_gastoservicio_categoria_gasto_id_82f9bb23 ON public.compras_gastoservicio USING btree (categoria_gasto_id);


--
-- Name: compras_gastoservicio_cuenta_pago_id_6c3a4d4d; Type: INDEX; Schema: public; Owner: postgres
--

CREATE INDEX compras_gastoservicio_cuenta_pago_id_6c3a4d4d ON public.compras_gastoservicio USING btree (cuenta_pago_id);


--
-- Name: compras_gastoservicio_numero_0ed896ad_like; Type: INDEX; Schema: public; Owner: postgres
--

CREATE INDEX compras_gastoservicio_numero_0ed896ad_like ON public.compras_gastoservicio USING btree (numero varchar_pattern_ops);


--
-- Name: compras_gastoservicio_proveedor_id_8f045654; Type: INDEX; Schema: public; Owner: postgres
--

CREATE INDEX compras_gastoservicio_proveedor_id_8f045654 ON public.compras_gastoservicio USING btree (proveedor_id);


--
-- Name: compras_pago_cuenta_origen_id_b068ff2c; Type: INDEX; Schema: public; Owner: postgres
--

CREATE INDEX compras_pago_cuenta_origen_id_b068ff2c ON public.compras_pago USING btree (cuenta_origen_id);


--
-- Name: compras_pago_factura_id_a4c7cb95; Type: INDEX; Schema: public; Owner: postgres
--

CREATE INDEX compras_pago_factura_id_a4c7cb95 ON public.compras_pago USING btree (factura_id);


--
-- Name: compras_proveedor_rif_77dc9e2a_like; Type: INDEX; Schema: public; Owner: postgres
--

CREATE INDEX compras_proveedor_rif_77dc9e2a_like ON public.compras_proveedor USING btree (rif varchar_pattern_ops);


--
-- Name: core_auditlog_usuario_id_7d0e6e46; Type: INDEX; Schema: public; Owner: postgres
--

CREATE INDEX core_auditlog_usuario_id_7d0e6e46 ON public.core_auditlog USING btree (usuario_id);


--
-- Name: core_categoriagasto_padre_id_5b49edeb; Type: INDEX; Schema: public; Owner: postgres
--

CREATE INDEX core_categoriagasto_padre_id_5b49edeb ON public.core_categoriagasto USING btree (padre_id);


--
-- Name: core_secuencia_tipo_documento_61629d60_like; Type: INDEX; Schema: public; Owner: postgres
--

CREATE INDEX core_secuencia_tipo_documento_61629d60_like ON public.core_secuencia USING btree (tipo_documento varchar_pattern_ops);


--
-- Name: django_admin_log_content_type_id_c4bce8eb; Type: INDEX; Schema: public; Owner: postgres
--

CREATE INDEX django_admin_log_content_type_id_c4bce8eb ON public.django_admin_log USING btree (content_type_id);


--
-- Name: django_admin_log_user_id_c564eba6; Type: INDEX; Schema: public; Owner: postgres
--

CREATE INDEX django_admin_log_user_id_c564eba6 ON public.django_admin_log USING btree (user_id);


--
-- Name: django_session_expire_date_a5c62663; Type: INDEX; Schema: public; Owner: postgres
--

CREATE INDEX django_session_expire_date_a5c62663 ON public.django_session USING btree (expire_date);


--
-- Name: django_session_session_key_c0390e0f_like; Type: INDEX; Schema: public; Owner: postgres
--

CREATE INDEX django_session_session_key_c0390e0f_like ON public.django_session USING btree (session_key varchar_pattern_ops);


--
-- Name: produccion_consumoop_orden_id_5104b342; Type: INDEX; Schema: public; Owner: postgres
--

CREATE INDEX produccion_consumoop_orden_id_5104b342 ON public.produccion_consumoop USING btree (orden_id);


--
-- Name: produccion_consumoop_producto_id_f6a6d5fc; Type: INDEX; Schema: public; Owner: postgres
--

CREATE INDEX produccion_consumoop_producto_id_f6a6d5fc ON public.produccion_consumoop USING btree (producto_id);


--
-- Name: produccion_consumoop_unidad_medida_id_dea013b9; Type: INDEX; Schema: public; Owner: postgres
--

CREATE INDEX produccion_consumoop_unidad_medida_id_dea013b9 ON public.produccion_consumoop USING btree (unidad_medida_id);


--
-- Name: produccion_ordenproduccion_numero_f9c28d7a_like; Type: INDEX; Schema: public; Owner: postgres
--

CREATE INDEX produccion_ordenproduccion_numero_f9c28d7a_like ON public.produccion_ordenproduccion USING btree (numero varchar_pattern_ops);


--
-- Name: produccion_ordenproduccion_receta_id_53c2570e; Type: INDEX; Schema: public; Owner: postgres
--

CREATE INDEX produccion_ordenproduccion_receta_id_53c2570e ON public.produccion_ordenproduccion USING btree (receta_id);


--
-- Name: produccion_recetadetalle_materia_prima_id_b5491ca1; Type: INDEX; Schema: public; Owner: postgres
--

CREATE INDEX produccion_recetadetalle_materia_prima_id_b5491ca1 ON public.produccion_recetadetalle USING btree (materia_prima_id);


--
-- Name: produccion_recetadetalle_receta_id_9de59030; Type: INDEX; Schema: public; Owner: postgres
--

CREATE INDEX produccion_recetadetalle_receta_id_9de59030 ON public.produccion_recetadetalle USING btree (receta_id);


--
-- Name: produccion_recetadetalle_unidad_medida_id_0a082a35; Type: INDEX; Schema: public; Owner: postgres
--

CREATE INDEX produccion_recetadetalle_unidad_medida_id_0a082a35 ON public.produccion_recetadetalle USING btree (unidad_medida_id);


--
-- Name: produccion_salidaorden_orden_id_0c13fd9e; Type: INDEX; Schema: public; Owner: postgres
--

CREATE INDEX produccion_salidaorden_orden_id_0c13fd9e ON public.produccion_salidaorden USING btree (orden_id);


--
-- Name: produccion_salidaorden_producto_id_d1be546a; Type: INDEX; Schema: public; Owner: postgres
--

CREATE INDEX produccion_salidaorden_producto_id_d1be546a ON public.produccion_salidaorden USING btree (producto_id);


--
-- Name: socios_pagoprestamo_cuenta_origen_id_fd151739; Type: INDEX; Schema: public; Owner: postgres
--

CREATE INDEX socios_pagoprestamo_cuenta_origen_id_fd151739 ON public.socios_pagoprestamo USING btree (cuenta_origen_id);


--
-- Name: socios_pagoprestamo_prestamo_id_8cf0d2cf; Type: INDEX; Schema: public; Owner: postgres
--

CREATE INDEX socios_pagoprestamo_prestamo_id_8cf0d2cf ON public.socios_pagoprestamo USING btree (prestamo_id);


--
-- Name: socios_prestamoporsocio_cuenta_destino_id_5b4105df; Type: INDEX; Schema: public; Owner: postgres
--

CREATE INDEX socios_prestamoporsocio_cuenta_destino_id_5b4105df ON public.socios_prestamoporsocio USING btree (cuenta_destino_id);


--
-- Name: socios_prestamoporsocio_numero_272cb92f_like; Type: INDEX; Schema: public; Owner: postgres
--

CREATE INDEX socios_prestamoporsocio_numero_272cb92f_like ON public.socios_prestamoporsocio USING btree (numero varchar_pattern_ops);


--
-- Name: socios_prestamoporsocio_socio_id_c5d6e97f; Type: INDEX; Schema: public; Owner: postgres
--

CREATE INDEX socios_prestamoporsocio_socio_id_c5d6e97f ON public.socios_prestamoporsocio USING btree (socio_id);


--
-- Name: ventas_cliente_rif_068166d0_like; Type: INDEX; Schema: public; Owner: postgres
--

CREATE INDEX ventas_cliente_rif_068166d0_like ON public.ventas_cliente USING btree (rif varchar_pattern_ops);


--
-- Name: ventas_cobro_cuenta_destino_id_fc7d1e76; Type: INDEX; Schema: public; Owner: postgres
--

CREATE INDEX ventas_cobro_cuenta_destino_id_fc7d1e76 ON public.ventas_cobro USING btree (cuenta_destino_id);


--
-- Name: ventas_cobro_factura_id_00afe7a2; Type: INDEX; Schema: public; Owner: postgres
--

CREATE INDEX ventas_cobro_factura_id_00afe7a2 ON public.ventas_cobro USING btree (factura_id);


--
-- Name: ventas_detallefacturaventa_factura_id_9b8ded7f; Type: INDEX; Schema: public; Owner: postgres
--

CREATE INDEX ventas_detallefacturaventa_factura_id_9b8ded7f ON public.ventas_detallefacturaventa USING btree (factura_id);


--
-- Name: ventas_detallefacturaventa_producto_id_786c3f04; Type: INDEX; Schema: public; Owner: postgres
--

CREATE INDEX ventas_detallefacturaventa_producto_id_786c3f04 ON public.ventas_detallefacturaventa USING btree (producto_id);


--
-- Name: ventas_detallelista_aprobado_por_id_213e5b72; Type: INDEX; Schema: public; Owner: postgres
--

CREATE INDEX ventas_detallelista_aprobado_por_id_213e5b72 ON public.ventas_detallelista USING btree (aprobado_por_id);


--
-- Name: ventas_detallelista_lista_id_4f815c44; Type: INDEX; Schema: public; Owner: postgres
--

CREATE INDEX ventas_detallelista_lista_id_4f815c44 ON public.ventas_detallelista USING btree (lista_id);


--
-- Name: ventas_detallelista_producto_id_33033ecf; Type: INDEX; Schema: public; Owner: postgres
--

CREATE INDEX ventas_detallelista_producto_id_33033ecf ON public.ventas_detallelista USING btree (producto_id);


--
-- Name: ventas_facturaventa_cliente_id_e1cc9d83; Type: INDEX; Schema: public; Owner: postgres
--

CREATE INDEX ventas_facturaventa_cliente_id_e1cc9d83 ON public.ventas_facturaventa USING btree (cliente_id);


--
-- Name: ventas_facturaventa_lista_precio_id_3700dda7; Type: INDEX; Schema: public; Owner: postgres
--

CREATE INDEX ventas_facturaventa_lista_precio_id_3700dda7 ON public.ventas_facturaventa USING btree (lista_precio_id);


--
-- Name: ventas_facturaventa_numero_b516011c_like; Type: INDEX; Schema: public; Owner: postgres
--

CREATE INDEX ventas_facturaventa_numero_b516011c_like ON public.ventas_facturaventa USING btree (numero varchar_pattern_ops);


--
-- Name: almacen_ajusteinventario almacen_ajusteinvent_producto_id_589f5377_fk_almacen_p; Type: FK CONSTRAINT; Schema: public; Owner: postgres
--

ALTER TABLE ONLY public.almacen_ajusteinventario
    ADD CONSTRAINT almacen_ajusteinvent_producto_id_589f5377_fk_almacen_p FOREIGN KEY (producto_id) REFERENCES public.almacen_producto(id) DEFERRABLE INITIALLY DEFERRED;


--
-- Name: almacen_cambioproducto almacen_cambioproduc_producto_id_1c5cd41e_fk_almacen_p; Type: FK CONSTRAINT; Schema: public; Owner: postgres
--

ALTER TABLE ONLY public.almacen_cambioproducto
    ADD CONSTRAINT almacen_cambioproduc_producto_id_1c5cd41e_fk_almacen_p FOREIGN KEY (producto_id) REFERENCES public.almacen_producto(id) DEFERRABLE INITIALLY DEFERRED;


--
-- Name: almacen_cambioproducto almacen_cambioproduc_propuesto_por_id_30576e5b_fk_auth_user; Type: FK CONSTRAINT; Schema: public; Owner: postgres
--

ALTER TABLE ONLY public.almacen_cambioproducto
    ADD CONSTRAINT almacen_cambioproduc_propuesto_por_id_30576e5b_fk_auth_user FOREIGN KEY (propuesto_por_id) REFERENCES public.auth_user(id) DEFERRABLE INITIALLY DEFERRED;


--
-- Name: almacen_cambioproducto almacen_cambioproducto_aprobado_por_id_af393e86_fk_auth_user_id; Type: FK CONSTRAINT; Schema: public; Owner: postgres
--

ALTER TABLE ONLY public.almacen_cambioproducto
    ADD CONSTRAINT almacen_cambioproducto_aprobado_por_id_af393e86_fk_auth_user_id FOREIGN KEY (aprobado_por_id) REFERENCES public.auth_user(id) DEFERRABLE INITIALLY DEFERRED;


--
-- Name: almacen_movimientoinventario almacen_movimientoin_producto_id_8cbfa1f9_fk_almacen_p; Type: FK CONSTRAINT; Schema: public; Owner: postgres
--

ALTER TABLE ONLY public.almacen_movimientoinventario
    ADD CONSTRAINT almacen_movimientoin_producto_id_8cbfa1f9_fk_almacen_p FOREIGN KEY (producto_id) REFERENCES public.almacen_producto(id) DEFERRABLE INITIALLY DEFERRED;


--
-- Name: almacen_producto almacen_producto_categoria_id_d5f8930c_fk_almacen_categoria_id; Type: FK CONSTRAINT; Schema: public; Owner: postgres
--

ALTER TABLE ONLY public.almacen_producto
    ADD CONSTRAINT almacen_producto_categoria_id_d5f8930c_fk_almacen_categoria_id FOREIGN KEY (categoria_id) REFERENCES public.almacen_categoria(id) DEFERRABLE INITIALLY DEFERRED;


--
-- Name: almacen_producto almacen_producto_unidad_medida_id_303347b7_fk_almacen_u; Type: FK CONSTRAINT; Schema: public; Owner: postgres
--

ALTER TABLE ONLY public.almacen_producto
    ADD CONSTRAINT almacen_producto_unidad_medida_id_303347b7_fk_almacen_u FOREIGN KEY (unidad_medida_id) REFERENCES public.almacen_unidadmedida(id) DEFERRABLE INITIALLY DEFERRED;


--
-- Name: auth_group_permissions auth_group_permissio_permission_id_84c5c92e_fk_auth_perm; Type: FK CONSTRAINT; Schema: public; Owner: postgres
--

ALTER TABLE ONLY public.auth_group_permissions
    ADD CONSTRAINT auth_group_permissio_permission_id_84c5c92e_fk_auth_perm FOREIGN KEY (permission_id) REFERENCES public.auth_permission(id) DEFERRABLE INITIALLY DEFERRED;


--
-- Name: auth_group_permissions auth_group_permissions_group_id_b120cbf9_fk_auth_group_id; Type: FK CONSTRAINT; Schema: public; Owner: postgres
--

ALTER TABLE ONLY public.auth_group_permissions
    ADD CONSTRAINT auth_group_permissions_group_id_b120cbf9_fk_auth_group_id FOREIGN KEY (group_id) REFERENCES public.auth_group(id) DEFERRABLE INITIALLY DEFERRED;


--
-- Name: auth_permission auth_permission_content_type_id_2f476e4b_fk_django_co; Type: FK CONSTRAINT; Schema: public; Owner: postgres
--

ALTER TABLE ONLY public.auth_permission
    ADD CONSTRAINT auth_permission_content_type_id_2f476e4b_fk_django_co FOREIGN KEY (content_type_id) REFERENCES public.django_content_type(id) DEFERRABLE INITIALLY DEFERRED;


--
-- Name: auth_user_groups auth_user_groups_group_id_97559544_fk_auth_group_id; Type: FK CONSTRAINT; Schema: public; Owner: postgres
--

ALTER TABLE ONLY public.auth_user_groups
    ADD CONSTRAINT auth_user_groups_group_id_97559544_fk_auth_group_id FOREIGN KEY (group_id) REFERENCES public.auth_group(id) DEFERRABLE INITIALLY DEFERRED;


--
-- Name: auth_user_groups auth_user_groups_user_id_6a12ed8b_fk_auth_user_id; Type: FK CONSTRAINT; Schema: public; Owner: postgres
--

ALTER TABLE ONLY public.auth_user_groups
    ADD CONSTRAINT auth_user_groups_user_id_6a12ed8b_fk_auth_user_id FOREIGN KEY (user_id) REFERENCES public.auth_user(id) DEFERRABLE INITIALLY DEFERRED;


--
-- Name: auth_user_user_permissions auth_user_user_permi_permission_id_1fbb5f2c_fk_auth_perm; Type: FK CONSTRAINT; Schema: public; Owner: postgres
--

ALTER TABLE ONLY public.auth_user_user_permissions
    ADD CONSTRAINT auth_user_user_permi_permission_id_1fbb5f2c_fk_auth_perm FOREIGN KEY (permission_id) REFERENCES public.auth_permission(id) DEFERRABLE INITIALLY DEFERRED;


--
-- Name: auth_user_user_permissions auth_user_user_permissions_user_id_a95ead1b_fk_auth_user_id; Type: FK CONSTRAINT; Schema: public; Owner: postgres
--

ALTER TABLE ONLY public.auth_user_user_permissions
    ADD CONSTRAINT auth_user_user_permissions_user_id_a95ead1b_fk_auth_user_id FOREIGN KEY (user_id) REFERENCES public.auth_user(id) DEFERRABLE INITIALLY DEFERRED;


--
-- Name: bancos_movimientocaja bancos_movimientocaj_cuenta_id_f6f93462_fk_bancos_cu; Type: FK CONSTRAINT; Schema: public; Owner: postgres
--

ALTER TABLE ONLY public.bancos_movimientocaja
    ADD CONSTRAINT bancos_movimientocaj_cuenta_id_f6f93462_fk_bancos_cu FOREIGN KEY (cuenta_id) REFERENCES public.bancos_cuentabancaria(id) DEFERRABLE INITIALLY DEFERRED;


--
-- Name: bancos_movimientotesoreria bancos_movimientotes_categoria_id_41336f8a_fk_core_cate; Type: FK CONSTRAINT; Schema: public; Owner: postgres
--

ALTER TABLE ONLY public.bancos_movimientotesoreria
    ADD CONSTRAINT bancos_movimientotes_categoria_id_41336f8a_fk_core_cate FOREIGN KEY (categoria_id) REFERENCES public.core_categoriagasto(id) DEFERRABLE INITIALLY DEFERRED;


--
-- Name: bancos_movimientotesoreria bancos_movimientotes_cuenta_id_3895687b_fk_bancos_cu; Type: FK CONSTRAINT; Schema: public; Owner: postgres
--

ALTER TABLE ONLY public.bancos_movimientotesoreria
    ADD CONSTRAINT bancos_movimientotes_cuenta_id_3895687b_fk_bancos_cu FOREIGN KEY (cuenta_id) REFERENCES public.bancos_cuentabancaria(id) DEFERRABLE INITIALLY DEFERRED;


--
-- Name: bancos_movimientotesoreria bancos_movimientotes_registrado_por_id_9ad6e27b_fk_auth_user; Type: FK CONSTRAINT; Schema: public; Owner: postgres
--

ALTER TABLE ONLY public.bancos_movimientotesoreria
    ADD CONSTRAINT bancos_movimientotes_registrado_por_id_9ad6e27b_fk_auth_user FOREIGN KEY (registrado_por_id) REFERENCES public.auth_user(id) DEFERRABLE INITIALLY DEFERRED;


--
-- Name: bancos_periodoreexpresado bancos_periodoreexpr_ejecutado_por_id_cad37766_fk_auth_user; Type: FK CONSTRAINT; Schema: public; Owner: postgres
--

ALTER TABLE ONLY public.bancos_periodoreexpresado
    ADD CONSTRAINT bancos_periodoreexpr_ejecutado_por_id_cad37766_fk_auth_user FOREIGN KEY (ejecutado_por_id) REFERENCES public.auth_user(id) DEFERRABLE INITIALLY DEFERRED;


--
-- Name: bancos_respaldobd bancos_respaldobd_ejecutado_por_id_cb5a2696_fk_auth_user_id; Type: FK CONSTRAINT; Schema: public; Owner: postgres
--

ALTER TABLE ONLY public.bancos_respaldobd
    ADD CONSTRAINT bancos_respaldobd_ejecutado_por_id_cb5a2696_fk_auth_user_id FOREIGN KEY (ejecutado_por_id) REFERENCES public.auth_user(id) DEFERRABLE INITIALLY DEFERRED;


--
-- Name: bancos_transferenciacuentas bancos_transferencia_cuenta_destino_id_e244b5dc_fk_bancos_cu; Type: FK CONSTRAINT; Schema: public; Owner: postgres
--

ALTER TABLE ONLY public.bancos_transferenciacuentas
    ADD CONSTRAINT bancos_transferencia_cuenta_destino_id_e244b5dc_fk_bancos_cu FOREIGN KEY (cuenta_destino_id) REFERENCES public.bancos_cuentabancaria(id) DEFERRABLE INITIALLY DEFERRED;


--
-- Name: bancos_transferenciacuentas bancos_transferencia_cuenta_origen_id_1a51d9f8_fk_bancos_cu; Type: FK CONSTRAINT; Schema: public; Owner: postgres
--

ALTER TABLE ONLY public.bancos_transferenciacuentas
    ADD CONSTRAINT bancos_transferencia_cuenta_origen_id_1a51d9f8_fk_bancos_cu FOREIGN KEY (cuenta_origen_id) REFERENCES public.bancos_cuentabancaria(id) DEFERRABLE INITIALLY DEFERRED;


--
-- Name: compras_detallefacturacompra compras_detallefactu_factura_id_540db923_fk_compras_f; Type: FK CONSTRAINT; Schema: public; Owner: postgres
--

ALTER TABLE ONLY public.compras_detallefacturacompra
    ADD CONSTRAINT compras_detallefactu_factura_id_540db923_fk_compras_f FOREIGN KEY (factura_id) REFERENCES public.compras_facturacompra(id) DEFERRABLE INITIALLY DEFERRED;


--
-- Name: compras_detallefacturacompra compras_detallefactu_producto_id_3900ecc4_fk_almacen_p; Type: FK CONSTRAINT; Schema: public; Owner: postgres
--

ALTER TABLE ONLY public.compras_detallefacturacompra
    ADD CONSTRAINT compras_detallefactu_producto_id_3900ecc4_fk_almacen_p FOREIGN KEY (producto_id) REFERENCES public.almacen_producto(id) DEFERRABLE INITIALLY DEFERRED;


--
-- Name: compras_facturacompra compras_facturacompr_proveedor_id_5cafee2d_fk_compras_p; Type: FK CONSTRAINT; Schema: public; Owner: postgres
--

ALTER TABLE ONLY public.compras_facturacompra
    ADD CONSTRAINT compras_facturacompr_proveedor_id_5cafee2d_fk_compras_p FOREIGN KEY (proveedor_id) REFERENCES public.compras_proveedor(id) DEFERRABLE INITIALLY DEFERRED;


--
-- Name: compras_gastoservicio compras_gastoservici_categoria_gasto_id_82f9bb23_fk_core_cate; Type: FK CONSTRAINT; Schema: public; Owner: postgres
--

ALTER TABLE ONLY public.compras_gastoservicio
    ADD CONSTRAINT compras_gastoservici_categoria_gasto_id_82f9bb23_fk_core_cate FOREIGN KEY (categoria_gasto_id) REFERENCES public.core_categoriagasto(id) DEFERRABLE INITIALLY DEFERRED;


--
-- Name: compras_gastoservicio compras_gastoservici_cuenta_pago_id_6c3a4d4d_fk_bancos_cu; Type: FK CONSTRAINT; Schema: public; Owner: postgres
--

ALTER TABLE ONLY public.compras_gastoservicio
    ADD CONSTRAINT compras_gastoservici_cuenta_pago_id_6c3a4d4d_fk_bancos_cu FOREIGN KEY (cuenta_pago_id) REFERENCES public.bancos_cuentabancaria(id) DEFERRABLE INITIALLY DEFERRED;


--
-- Name: compras_gastoservicio compras_gastoservici_proveedor_id_8f045654_fk_compras_p; Type: FK CONSTRAINT; Schema: public; Owner: postgres
--

ALTER TABLE ONLY public.compras_gastoservicio
    ADD CONSTRAINT compras_gastoservici_proveedor_id_8f045654_fk_compras_p FOREIGN KEY (proveedor_id) REFERENCES public.compras_proveedor(id) DEFERRABLE INITIALLY DEFERRED;


--
-- Name: compras_pago compras_pago_cuenta_origen_id_b068ff2c_fk_bancos_cu; Type: FK CONSTRAINT; Schema: public; Owner: postgres
--

ALTER TABLE ONLY public.compras_pago
    ADD CONSTRAINT compras_pago_cuenta_origen_id_b068ff2c_fk_bancos_cu FOREIGN KEY (cuenta_origen_id) REFERENCES public.bancos_cuentabancaria(id) DEFERRABLE INITIALLY DEFERRED;


--
-- Name: compras_pago compras_pago_factura_id_a4c7cb95_fk_compras_facturacompra_id; Type: FK CONSTRAINT; Schema: public; Owner: postgres
--

ALTER TABLE ONLY public.compras_pago
    ADD CONSTRAINT compras_pago_factura_id_a4c7cb95_fk_compras_facturacompra_id FOREIGN KEY (factura_id) REFERENCES public.compras_facturacompra(id) DEFERRABLE INITIALLY DEFERRED;


--
-- Name: core_auditlog core_auditlog_usuario_id_7d0e6e46_fk_auth_user_id; Type: FK CONSTRAINT; Schema: public; Owner: postgres
--

ALTER TABLE ONLY public.core_auditlog
    ADD CONSTRAINT core_auditlog_usuario_id_7d0e6e46_fk_auth_user_id FOREIGN KEY (usuario_id) REFERENCES public.auth_user(id) DEFERRABLE INITIALLY DEFERRED;


--
-- Name: core_categoriagasto core_categoriagasto_padre_id_5b49edeb_fk_core_categoriagasto_id; Type: FK CONSTRAINT; Schema: public; Owner: postgres
--

ALTER TABLE ONLY public.core_categoriagasto
    ADD CONSTRAINT core_categoriagasto_padre_id_5b49edeb_fk_core_categoriagasto_id FOREIGN KEY (padre_id) REFERENCES public.core_categoriagasto(id) DEFERRABLE INITIALLY DEFERRED;


--
-- Name: django_admin_log django_admin_log_content_type_id_c4bce8eb_fk_django_co; Type: FK CONSTRAINT; Schema: public; Owner: postgres
--

ALTER TABLE ONLY public.django_admin_log
    ADD CONSTRAINT django_admin_log_content_type_id_c4bce8eb_fk_django_co FOREIGN KEY (content_type_id) REFERENCES public.django_content_type(id) DEFERRABLE INITIALLY DEFERRED;


--
-- Name: django_admin_log django_admin_log_user_id_c564eba6_fk_auth_user_id; Type: FK CONSTRAINT; Schema: public; Owner: postgres
--

ALTER TABLE ONLY public.django_admin_log
    ADD CONSTRAINT django_admin_log_user_id_c564eba6_fk_auth_user_id FOREIGN KEY (user_id) REFERENCES public.auth_user(id) DEFERRABLE INITIALLY DEFERRED;


--
-- Name: produccion_consumoop produccion_consumoop_orden_id_5104b342_fk_produccio; Type: FK CONSTRAINT; Schema: public; Owner: postgres
--

ALTER TABLE ONLY public.produccion_consumoop
    ADD CONSTRAINT produccion_consumoop_orden_id_5104b342_fk_produccio FOREIGN KEY (orden_id) REFERENCES public.produccion_ordenproduccion(id) DEFERRABLE INITIALLY DEFERRED;


--
-- Name: produccion_consumoop produccion_consumoop_producto_id_f6a6d5fc_fk_almacen_p; Type: FK CONSTRAINT; Schema: public; Owner: postgres
--

ALTER TABLE ONLY public.produccion_consumoop
    ADD CONSTRAINT produccion_consumoop_producto_id_f6a6d5fc_fk_almacen_p FOREIGN KEY (producto_id) REFERENCES public.almacen_producto(id) DEFERRABLE INITIALLY DEFERRED;


--
-- Name: produccion_consumoop produccion_consumoop_unidad_medida_id_dea013b9_fk_almacen_u; Type: FK CONSTRAINT; Schema: public; Owner: postgres
--

ALTER TABLE ONLY public.produccion_consumoop
    ADD CONSTRAINT produccion_consumoop_unidad_medida_id_dea013b9_fk_almacen_u FOREIGN KEY (unidad_medida_id) REFERENCES public.almacen_unidadmedida(id) DEFERRABLE INITIALLY DEFERRED;


--
-- Name: produccion_ordenproduccion produccion_ordenprod_receta_id_53c2570e_fk_produccio; Type: FK CONSTRAINT; Schema: public; Owner: postgres
--

ALTER TABLE ONLY public.produccion_ordenproduccion
    ADD CONSTRAINT produccion_ordenprod_receta_id_53c2570e_fk_produccio FOREIGN KEY (receta_id) REFERENCES public.produccion_receta(id) DEFERRABLE INITIALLY DEFERRED;


--
-- Name: produccion_recetadetalle produccion_recetadet_materia_prima_id_b5491ca1_fk_almacen_p; Type: FK CONSTRAINT; Schema: public; Owner: postgres
--

ALTER TABLE ONLY public.produccion_recetadetalle
    ADD CONSTRAINT produccion_recetadet_materia_prima_id_b5491ca1_fk_almacen_p FOREIGN KEY (materia_prima_id) REFERENCES public.almacen_producto(id) DEFERRABLE INITIALLY DEFERRED;


--
-- Name: produccion_recetadetalle produccion_recetadet_receta_id_9de59030_fk_produccio; Type: FK CONSTRAINT; Schema: public; Owner: postgres
--

ALTER TABLE ONLY public.produccion_recetadetalle
    ADD CONSTRAINT produccion_recetadet_receta_id_9de59030_fk_produccio FOREIGN KEY (receta_id) REFERENCES public.produccion_receta(id) DEFERRABLE INITIALLY DEFERRED;


--
-- Name: produccion_recetadetalle produccion_recetadet_unidad_medida_id_0a082a35_fk_almacen_u; Type: FK CONSTRAINT; Schema: public; Owner: postgres
--

ALTER TABLE ONLY public.produccion_recetadetalle
    ADD CONSTRAINT produccion_recetadet_unidad_medida_id_0a082a35_fk_almacen_u FOREIGN KEY (unidad_medida_id) REFERENCES public.almacen_unidadmedida(id) DEFERRABLE INITIALLY DEFERRED;


--
-- Name: produccion_salidaorden produccion_salidaord_orden_id_0c13fd9e_fk_produccio; Type: FK CONSTRAINT; Schema: public; Owner: postgres
--

ALTER TABLE ONLY public.produccion_salidaorden
    ADD CONSTRAINT produccion_salidaord_orden_id_0c13fd9e_fk_produccio FOREIGN KEY (orden_id) REFERENCES public.produccion_ordenproduccion(id) DEFERRABLE INITIALLY DEFERRED;


--
-- Name: produccion_salidaorden produccion_salidaord_producto_id_d1be546a_fk_almacen_p; Type: FK CONSTRAINT; Schema: public; Owner: postgres
--

ALTER TABLE ONLY public.produccion_salidaorden
    ADD CONSTRAINT produccion_salidaord_producto_id_d1be546a_fk_almacen_p FOREIGN KEY (producto_id) REFERENCES public.almacen_producto(id) DEFERRABLE INITIALLY DEFERRED;


--
-- Name: socios_pagoprestamo socios_pagoprestamo_cuenta_origen_id_fd151739_fk_bancos_cu; Type: FK CONSTRAINT; Schema: public; Owner: postgres
--

ALTER TABLE ONLY public.socios_pagoprestamo
    ADD CONSTRAINT socios_pagoprestamo_cuenta_origen_id_fd151739_fk_bancos_cu FOREIGN KEY (cuenta_origen_id) REFERENCES public.bancos_cuentabancaria(id) DEFERRABLE INITIALLY DEFERRED;


--
-- Name: socios_pagoprestamo socios_pagoprestamo_prestamo_id_8cf0d2cf_fk_socios_pr; Type: FK CONSTRAINT; Schema: public; Owner: postgres
--

ALTER TABLE ONLY public.socios_pagoprestamo
    ADD CONSTRAINT socios_pagoprestamo_prestamo_id_8cf0d2cf_fk_socios_pr FOREIGN KEY (prestamo_id) REFERENCES public.socios_prestamoporsocio(id) DEFERRABLE INITIALLY DEFERRED;


--
-- Name: socios_prestamoporsocio socios_prestamoporso_cuenta_destino_id_5b4105df_fk_bancos_cu; Type: FK CONSTRAINT; Schema: public; Owner: postgres
--

ALTER TABLE ONLY public.socios_prestamoporsocio
    ADD CONSTRAINT socios_prestamoporso_cuenta_destino_id_5b4105df_fk_bancos_cu FOREIGN KEY (cuenta_destino_id) REFERENCES public.bancos_cuentabancaria(id) DEFERRABLE INITIALLY DEFERRED;


--
-- Name: socios_prestamoporsocio socios_prestamoporsocio_socio_id_c5d6e97f_fk_socios_socio_id; Type: FK CONSTRAINT; Schema: public; Owner: postgres
--

ALTER TABLE ONLY public.socios_prestamoporsocio
    ADD CONSTRAINT socios_prestamoporsocio_socio_id_c5d6e97f_fk_socios_socio_id FOREIGN KEY (socio_id) REFERENCES public.socios_socio(id) DEFERRABLE INITIALLY DEFERRED;


--
-- Name: ventas_cobro ventas_cobro_cuenta_destino_id_fc7d1e76_fk_bancos_cu; Type: FK CONSTRAINT; Schema: public; Owner: postgres
--

ALTER TABLE ONLY public.ventas_cobro
    ADD CONSTRAINT ventas_cobro_cuenta_destino_id_fc7d1e76_fk_bancos_cu FOREIGN KEY (cuenta_destino_id) REFERENCES public.bancos_cuentabancaria(id) DEFERRABLE INITIALLY DEFERRED;


--
-- Name: ventas_cobro ventas_cobro_factura_id_00afe7a2_fk_ventas_facturaventa_id; Type: FK CONSTRAINT; Schema: public; Owner: postgres
--

ALTER TABLE ONLY public.ventas_cobro
    ADD CONSTRAINT ventas_cobro_factura_id_00afe7a2_fk_ventas_facturaventa_id FOREIGN KEY (factura_id) REFERENCES public.ventas_facturaventa(id) DEFERRABLE INITIALLY DEFERRED;


--
-- Name: ventas_detallefacturaventa ventas_detallefactur_factura_id_9b8ded7f_fk_ventas_fa; Type: FK CONSTRAINT; Schema: public; Owner: postgres
--

ALTER TABLE ONLY public.ventas_detallefacturaventa
    ADD CONSTRAINT ventas_detallefactur_factura_id_9b8ded7f_fk_ventas_fa FOREIGN KEY (factura_id) REFERENCES public.ventas_facturaventa(id) DEFERRABLE INITIALLY DEFERRED;


--
-- Name: ventas_detallefacturaventa ventas_detallefactur_producto_id_786c3f04_fk_almacen_p; Type: FK CONSTRAINT; Schema: public; Owner: postgres
--

ALTER TABLE ONLY public.ventas_detallefacturaventa
    ADD CONSTRAINT ventas_detallefactur_producto_id_786c3f04_fk_almacen_p FOREIGN KEY (producto_id) REFERENCES public.almacen_producto(id) DEFERRABLE INITIALLY DEFERRED;


--
-- Name: ventas_detallelista ventas_detallelista_aprobado_por_id_213e5b72_fk_auth_user_id; Type: FK CONSTRAINT; Schema: public; Owner: postgres
--

ALTER TABLE ONLY public.ventas_detallelista
    ADD CONSTRAINT ventas_detallelista_aprobado_por_id_213e5b72_fk_auth_user_id FOREIGN KEY (aprobado_por_id) REFERENCES public.auth_user(id) DEFERRABLE INITIALLY DEFERRED;


--
-- Name: ventas_detallelista ventas_detallelista_lista_id_4f815c44_fk_ventas_listaprecio_id; Type: FK CONSTRAINT; Schema: public; Owner: postgres
--

ALTER TABLE ONLY public.ventas_detallelista
    ADD CONSTRAINT ventas_detallelista_lista_id_4f815c44_fk_ventas_listaprecio_id FOREIGN KEY (lista_id) REFERENCES public.ventas_listaprecio(id) DEFERRABLE INITIALLY DEFERRED;


--
-- Name: ventas_detallelista ventas_detallelista_producto_id_33033ecf_fk_almacen_producto_id; Type: FK CONSTRAINT; Schema: public; Owner: postgres
--

ALTER TABLE ONLY public.ventas_detallelista
    ADD CONSTRAINT ventas_detallelista_producto_id_33033ecf_fk_almacen_producto_id FOREIGN KEY (producto_id) REFERENCES public.almacen_producto(id) DEFERRABLE INITIALLY DEFERRED;


--
-- Name: ventas_facturaventa ventas_facturaventa_cliente_id_e1cc9d83_fk_ventas_cliente_id; Type: FK CONSTRAINT; Schema: public; Owner: postgres
--

ALTER TABLE ONLY public.ventas_facturaventa
    ADD CONSTRAINT ventas_facturaventa_cliente_id_e1cc9d83_fk_ventas_cliente_id FOREIGN KEY (cliente_id) REFERENCES public.ventas_cliente(id) DEFERRABLE INITIALLY DEFERRED;


--
-- Name: ventas_facturaventa ventas_facturaventa_lista_precio_id_3700dda7_fk_ventas_li; Type: FK CONSTRAINT; Schema: public; Owner: postgres
--

ALTER TABLE ONLY public.ventas_facturaventa
    ADD CONSTRAINT ventas_facturaventa_lista_precio_id_3700dda7_fk_ventas_li FOREIGN KEY (lista_precio_id) REFERENCES public.ventas_listaprecio(id) DEFERRABLE INITIALLY DEFERRED;


--
-- PostgreSQL database dump complete
--

\unrestrict ckRkssxMY2ROUCe8HDvSJdmwdo9TJcp84Th13O7dazcR2oVjrcuwCD7NLEb0J3K

